"","ID","Description","setSize","enrichmentScore","NES","pvalue","p.adjust","qvalue","rank","leading_edge","core_enrichment"
"hsa03010","hsa03010","Ribosome",165,-0.819905055073296,-4.50439895821147,1e-10,1.22857142857143e-09,5.22556390977444e-10,2036,"tags=88%, list=12%, signal=78%","6144/54534/54148/51649/6129/10884/11222/6173/65003/26589/51065/51023/6206/28977/51073/7818/64981/55168/65008/29088/51187/28973/6192/29074/6224/28957/60488/64432/6189/28998/84311/6228/51081/54460/64978/84545/29093/51253/51069/10573/6146/6156/6125/65080/51121/65005/122704/6142/6155/6136/6137/6203/6166/6158/128308/2197/6210/51264/6193/6169/7311/6218/11224/6139/6154/51258/4736/6171/219927/92259/6134/57129/6230/116541/6223/6208/6122/6181/6217/200916/6235/6160/6135/9349/64963/63875/6164/6170/6188/6227/6132/6222/6233/6147/51116/79590/6205/25873/6183/6138/6161/6165/6176/6124/6150/64975/64979/6204/6209/51373/6202/6187/6207/64969/23521/6128/64951/3921/116540/6201/6175/9045/6157/6167/6143/6182/6168/6141/6194/6159/64928/64976/6191/64965/55052/6229/6152/6130/54948/64949/64960/51642/65993/51650/51021"
"hsa00190","hsa00190","Oxidative phosphorylation",105,-0.736326717014762,-3.93688441169329,1e-10,1.22857142857143e-09,5.22556390977444e-10,2568,"tags=69%, list=15%, signal=58%","4720/54205/4724/51382/8992/1355/4697/5464/90423/527/374291/4723/4700/1327/4698/1345/7386/4714/6390/155066/1537/10975/4708/4731/4704/9550/440567/4710/27068/537/4711/55967/4728/126328/51079/9167/9296/7381/533/4725/1350/4696/4709/4726/4718/1347/4715/4712/7384/10063/29796/27089/4713/4717/1351/4722/54539/1349/7388/1340/4706/1337/1329/4695/4694/4707/4705/4702/4701/4716/9377/4729"
"hsa03050","hsa03050","Proteasome",45,-0.741973917117646,-3.358957406335,1e-10,1.22857142857143e-09,5.22556390977444e-10,3086,"tags=76%, list=19%, signal=62%","5720/5713/10213/122706/5701/5690/5709/9491/5702/5721/5704/5688/5682/9861/5706/5714/5687/5683/5686/51371/5700/5710/11047/5705/5694/5692/5684/5715/5685/5691/5693/5695/5689/5719"
"hsa03040","hsa03040","Spliceosome",123,-0.515010604372682,-2.79578317027924,1e-10,1.22857142857143e-09,5.22556390977444e-10,2004,"tags=35%, list=12%, signal=31%","4116/9092/7307/57819/84844/6629/51634/6625/51340/79228/55110/3178/26121/9984/22827/24148/56949/80145/151903/83443/6626/3183/51690/10450/6634/6627/6637/10084/6636/6633/8896/6100/51503/23658/6632/6628/25804/6635/27258/6631/10907/10465/27339"
"hsa04932","hsa04932","Non-alcoholic fatty liver disease",149,-0.476394375794152,-2.56786251809066,1e-10,1.22857142857143e-09,5.22556390977444e-10,1505,"tags=40%, list=9%, signal=36%","374291/4723/1050/4700/581/1327/4698/1345/7386/6720/4714/6390/1537/10975/4708/4731/4704/440567/4710/4711/55967/4728/126328/51079/9167/7381/4725/1350/4696/4709/4726/4718/1347/4715/4712/7384/468/29796/27089/4713/4717/1351/4722/54539/1349/7388/1340/4706/1337/1329/4695/4694/4707/4705/4702/4701/4716/9377/4729"
"hsa04518","hsa04518","Integrin signaling",151,0.662593583952315,2.50939523128683,1e-10,1.22857142857143e-09,5.22556390977444e-10,2756,"tags=54%, list=17%, signal=46%","5159/2200/9459/1282/1278/3908/1284/3910/1293/2324/1277/3680/7450/3791/7040/3690/3672/3676/7094/5156/22801/2335/1286/3684/2321/8516/7412/7414/10979/1291/7058/5155/3082/5293/3912/80310/3689/7148/3688/3371/1292/83706/7057/4233/5290/2316/87/894/81/56034/55742/5880/3683/3687/3679/718/3678/158326/1956/5295/1499/1285/64098/3673/10319/3384/1288/341640/5228/3696/7424/3915/3691/3987/1101/3675/3685/3695/80144/1287/3694/8515"
"hsa01240","hsa01240","Biosynthesis of cofactors",139,-0.446089547188642,-2.46782117945407,1e-10,1.22857142857143e-09,5.22556390977444e-10,3094,"tags=42%, list=19%, signal=34%","51109/55312/10201/9249/56474/8566/7363/124454/493911/79001/7372/6472/1355/51727/7389/51601/55163/29925/51004/112724/5498/2937/9054/5372/2356/55191/1723/2990/79717/387787/57026/51805/654364/204/80308/80347/441024/158/125061/7390/6697/29926/326625/4831/84274/60490/10229/5373/4832/587/4833/54995/5805/4830/4351/51117/3145/10327"
"hsa04714","hsa04714","Thermogenesis",191,-0.433103798983131,-2.4256738660164,1e-10,1.22857142857143e-09,5.22556390977444e-10,1519,"tags=38%, list=9%, signal=35%","51103/374291/4723/4700/123096/51548/3265/1327/4698/1345/7386/4714/6390/1537/10975/4708/4731/6598/4704/6195/90993/23028/440567/4710/6199/6603/4711/55967/84335/4728/126328/51079/9167/7381/4725/1350/4696/4709/4726/25915/4718/1347/4715/4712/7384/91942/10063/29796/27089/4713/4717/1351/4722/54539/1349/7388/1340/4706/1337/1329/148327/4695/4694/6194/4707/4705/4702/51241/4701/64223/4716/9377/4729"
"hsa04512","hsa04512","ECM-receptor interaction",87,0.656241609445419,2.36658721025933,1e-10,1.22857142857143e-09,5.22556390977444e-10,2756,"tags=53%, list=17%, signal=44%","1282/1278/3908/1284/3910/1293/1277/3680/7450/3339/3690/3672/3676/22801/2335/1286/8516/9900/1291/7058/3912/7148/3688/3371/1292/7057/3679/2814/3678/158326/1285/3673/10319/1288/341640/3696/3915/3691/1101/3675/3685/3695/80144/1287/3694/8515"
"hsa05208","hsa05208","Chemical carcinogenesis - reactive oxygen species",196,-0.420140503481592,-2.35684528847798,1e-10,1.22857142857143e-09,5.22556390977444e-10,1529,"tags=34%, list=9%, signal=31%","7417/374291/4723/4700/9817/3265/1327/4698/1345/7386/6647/4714/52/6390/1537/10975/4708/4731/4704/10105/5605/440567/4710/572/4711/55967/4728/126328/51079/9167/7381/4725/1350/4696/4709/4726/4718/1347/4715/4712/7384/29796/27089/4713/4717/1351/4722/54539/1349/7388/1340/4706/293/1337/1329/4695/4694/4707/4705/4702/4701/4716/9377/4729/10327/4258"
"hsa04640","hsa04640","Hematopoietic cell lineage",94,0.640939034974844,2.32834438738689,1e-10,1.22857142857143e-09,5.22556390977444e-10,4626,"tags=72%, list=28%, signal=52%","1435/947/1436/3690/3672/3676/3684/1441/1438/920/3815/945/3575/3113/3111/3563/933/917/4254/1378/3122/951/912/3559/2814/2322/3678/929/3570/3566/3673/3115/911/913/921/7850/3117/925/3123/3675/7037/3553/2209/916/966/3119/3569/914/3118/2323/909/910/3127/3574/3120/3112/1604/931/7124/2811/3108/924/915/3581/3655/2208/1379/960"
"hsa04510","hsa04510","Focal adhesion",196,0.596758342152594,2.29836622622965,1e-10,1.22857142857143e-09,5.22556390977444e-10,2773,"tags=48%, list=17%, signal=41%","5159/1282/1278/2534/3908/1284/3910/1293/2324/1277/3680/7450/3791/3690/3672/3676/7094/5156/22801/2335/1286/2321/8516/7414/2889/858/5063/1291/7058/5155/4659/3082/5293/3912/80310/7148/5579/3688/4660/9475/3371/1292/399694/7057/857/4233/5290/2316/5578/87/894/81/56034/55742/5880/4638/3679/6654/7409/3678/1793/1956/5295/1499/1285/64098/6093/7791/3673/2012/10319/1288/10451/330/5228/3696/7424/596/8395/3915/3691/394/1101/3675/5923/5906/3685/3695/6655/53358/1287/3694/8515/1399/6464"
"hsa04611","hsa04611","Platelet activation",120,0.612292128638744,2.27979470929551,1e-10,1.22857142857143e-09,5.22556390977444e-10,1784,"tags=40%, list=11%, signal=36%","1281/5336/1278/2534/1277/109/7450/5592/3937/3690/113/5294/7094/2212/111/196883/115/2977/4659/5293/695/1432/3688/9475/54518/64805/146850/5739/83706/6915/4846/5290/23533/2149/10672/5742/5330/4638/10235/2814/2207/5321/5295/6093/10125/6850/3673/2771"
"hsa04514","hsa04514","Cell adhesion molecule (CAM) interaction",149,0.595884405887468,2.25731759064945,1e-10,1.22857142857143e-09,5.22556390977444e-10,4613,"tags=65%, list=28%, signal=47%","1003/947/3680/23114/58494/90952/8506/3676/6403/80380/1272/9672/3684/8516/7412/1462/5788/920/5175/3689/29126/3113/6693/3111/3688/10666/257194/3133/942/54413/933/6404/3122/3683/4684/5010/959/958/57863/6614/57689/6402/6900/57555/83692/64101/57502/3115/1000/3384/3897/22829/3696/22871/3117/4359/925/9379/201633/26050/3123/941/3685/6383/3695/6401/3119/84189/83700/914/3118/940/29851/3127/1001/3120/923/3112/9378/79679/9369/3383/3108/94030/84631/152404/5133/3134/149461/22865/51208/5789/3655/4685/1493/2734/10686"
"hsa04380","hsa04380","Osteoclast differentiation",134,0.5839595372029,2.19188348898192,1e-10,1.22857142857143e-09,5.22556390977444e-10,3789,"tags=54%, list=23%, signal=42%","7048/5336/2534/1435/9846/3716/7040/3937/1436/3690/1513/4286/2212/11024/9103/10326/4773/140885/10288/10859/814/5293/695/1432/2213/11027/7189/4688/5290/1540/6688/488/2214/4790/10990/2355/5295/7046/4689/11006/2274/653361/6850/7305/79168/3455/7042/11025/6885/3708/9021/3553/2209/1535/4982/5468/126014/169200/6772/353514/5594/9020/8600/55423/2215/11026/23118/799/54209/4772/7124/23547/1385"
"hsa05146","hsa05146","Amoebiasis",99,0.601462578983564,2.18732763221842,1e-10,1.22857142857143e-09,5.22556390977444e-10,3007,"tags=47%, list=18%, signal=39%","1281/1282/1278/3908/1284/3910/1277/5272/7040/2335/1286/3684/7414/2774/7097/5293/3912/3689/5579/7099/5290/5578/87/81/3586/4790/912/5330/5295/929/1285/2767/10319/911/1288/7042/913/7850/3915/7043/3553/1287/3569/909/910/9630/5878"
"hsa05171","hsa05171","Coronavirus disease - COVID-19",215,-0.380194988870047,-2.13262862755065,1e-10,1.22857142857143e-09,5.22556390977444e-10,935,"tags=33%, list=6%, signal=32%","6146/6156/6125/51121/6142/6155/6136/6137/6203/6166/6158/2197/6210/6193/6169/7311/6218/11224/6139/6154/4736/6171/6134/6230/6223/6208/6122/6181/6217/200916/6235/6160/6135/9349/6164/6170/6188/6227/6132/6222/6233/6147/6205/25873/6138/6161/6165/6176/6124/6204/6209/6202/6187/6207/23521/6128/3921/6201/6175/9045/6157/6167/6143/6168/6141/6194/6159/6191/6229/6152/6130"
"hsa04014","hsa04014","Ras signaling pathway",227,0.544657746118673,2.11501066334757,1e-10,1.22857142857143e-09,5.22556390977444e-10,3480,"tags=45%, list=21%, signal=36%","5159/5336/2113/7010/1435/5924/22821/2324/9846/23179/25780/3791/115727/1436/8844/51196/5156/54331/2321/22808/5063/2247/3815/59345/5155/3082/5293/80310/2260/4915/3363/5579/399694/4803/284/2255/3481/4233/5290/2252/5578/55970/7074/4254/56034/5337/5880/4790/83593/10235/6789/6654/8831/627/5321/2322/5966/2549/1956/51378/5295/1969/1946/5781/2793/2791/10125/64926/2114/9771/10681/285/8817/9462/4763/5228/7424/2246/10156/5922/5923/5906/6655/2903/53358/5921/6464/2323/5878/5594/4804/2263/4914/5335/2254/25/7039/387/4908/5058/7535/27"
"hsa04820","hsa04820","Cytoskeleton in muscle cells",230,0.542209350395784,2.10722949601444,1e-10,1.22857142857143e-09,5.22556390977444e-10,4610,"tags=56%, list=28%, signal=41%","91010/2200/1281/4811/22795/1289/1282/1278/3908/1284/1293/1290/1277/3680/7431/23345/23500/2006/3339/3690/3672/79188/3676/50509/7094/22801/2335/1286/9672/29767/8516/1462/7414/287/6711/482/1291/8082/7058/1634/2199/4627/6443/6709/3688/1292/7057/752/633/85301/1756/171024/3679/2273/3678/2192/1285/2274/25802/7791/2318/3673/4629/91977/8910/2275/1288/11155/6641/3696/830/56776/9124/7171/481/3691/477/3675/3685/1837/6383/6444/3695/2201/23224/64236/1287/3694/4628/8515/9260/23002/27295/2026/6645/8736/7168/70/1301/9499/6445/27063/165904/127294/4000/6442/60/271/10398/270/478/72/84676/255631/9172/5318/1674/1465/58529/29766/3655/23353/480/51778/7140/7169/4634/84033"
"hsa04517","hsa04517","IgSF CAM signaling",283,0.534276695379539,2.10025415448248,1e-10,1.22857142857143e-09,5.22556390977444e-10,3910,"tags=50%, list=24%, signal=39%","2037/4478/5336/2534/8828/6586/3791/23114/58494/8633/90952/54538/3937/3690/8506/3676/9353/5376/1272/7225/3684/8832/7414/287/3635/6711/5063/219699/4627/5293/3689/2260/10580/6709/1432/5579/3688/2308/8826/8777/6092/10666/30835/57513/145581/942/54413/7189/23085/5290/23136/5578/6091/87/81/80852/91584/3683/5362/3687/4684/4638/7409/2036/57863/3678/10225/5295/57689/6900/1499/9046/57555/56253/5781/114836/342035/962/5588/57502/4629/4063/117157/1000/6504/3384/9423/10451/57823/3897/22829/7204/22871/5962/3737/4067/4359/201633/26050/10109/4916/941/5906/5361/8829/1630/51735/4628/7846/5921/84189/9693/83700/914/940/84617/51744/3556/84623/5594/23380/5803/5375/10097/9788/117178/3742/5335/25/387/5058/1796/3786/9223/3383/9863/94030/340156/84631/5908/4068/60"
"hsa04060","hsa04060","Cytokine-cytokine receptor interaction",272,0.531775942754845,2.08617217712264,1e-10,1.22857142857143e-09,5.22556390977444e-10,5307,"tags=60%, list=32%, signal=42%","7048/1435/94/7040/90865/1439/1436/3953/944/7133/3603/1441/3624/1438/920/3587/9180/9173/1230/3575/652/3563/4803/90/6387/6376/8809/3572/729230/3594/151449/10148/1233/3586/10673/7852/3560/146433/3559/1234/959/9466/958/8740/7046/84957/6357/659/2829/3570/3566/1524/6360/768211/3600/85480/6358/60401/3455/7042/3595/1237/8995/3606/7850/4352/1235/3604/650/50615/3601/6367/943/7043/1271/3553/10663/9966/1236/4982/3976/6366/6351/2833/3569/8807/23765/5008/8797/651/2662/58191/3556/4804/8600/392255/3579/64109/6363/3574/10344/1489/6352/7293/939/51330/6355/10803/3597/8793/6368/6347/7124/56477/3598/3561/149233/6846/356/9235/5197/656/6375/3592/1232/643/3557/4049/6372/6348/130399/3581/8718/23495/6361/8794/3593/9573/355/2919/115650/4283/655/414062/653/7132/657/6374/1440/6359/10563/3577/2920/608/2826/3552/11009/8795/4050/9560/4838/6356/970/2921"
"hsa04015","hsa04015","Rap1 signaling pathway",206,0.535980085117944,2.06940176024658,1e-10,1.22857142857143e-09,5.22556390977444e-10,3230,"tags=42%, list=19%, signal=34%","5159/7010/1435/2324/109/25780/3791/3937/1436/3690/51196/113/7094/5156/1268/3684/2321/1902/111/2889/196883/115/22808/2247/3815/5155/3082/5293/80310/3689/2260/1432/5579/3688/54518/57121/2846/23683/2775/7057/4803/284/2255/64411/4233/5290/2252/5578/2149/7074/2357/4254/56034/5880/3683/5330/83593/10235/7409/1956/51378/55740/5295/1969/1499/1946/9771/2771/285/8817/10451/5228/7424/2246/5906/2903/51735/1399/9693/136/1398/5594/4804/2263/8631/5335/2254"
"hsa04062","hsa04062","Chemokine signaling pathway",188,0.525057724716589,2.01778359677535,1e-10,1.22857142857143e-09,5.22556390977444e-10,4856,"tags=59%, list=29%, signal=42%","5336/109/9844/2869/113/5294/3717/1794/54331/2268/111/196883/115/6777/59345/3055/5293/1230/5579/9475/146850/399694/6387/3702/6376/5290/729230/55970/3718/23533/7074/1233/5880/7852/4790/5330/10235/6654/57580/7409/1234/5295/7454/6357/2829/6093/2793/2791/653361/1524/6360/6774/2771/10681/6358/10451/1237/1235/4067/6367/5906/10663/1236/6366/6351/6655/2833/53358/1399/6464/6772/1398/58191/5594/3579/6363/10344/5335/6352/387/5058/6355/10803/6368/6347/56477/2784/5908/6846/409/5197/6375/1232/643/6372/6348/10000/6361/2919/4283/108/414062/6773/6374/4792/6359/10563/3577/2776/2920"
"hsa05205","hsa05205","Proteoglycans in cancer",197,0.510150523876241,1.96470982604724,1e-10,1.22857142857143e-09,5.22556390977444e-10,2622,"tags=39%, list=16%, signal=33%","4478/5336/1278/1277/3791/7040/4313/3339/3690/51196/7078/2335/287/4060/22808/858/2247/8324/1634/7097/4659/3082/5293/3059/2260/1432/5579/3688/4660/9475/8826/7057/857/3481/7099/4233/867/5290/2316/5578/7074/2099/7482/2719/6654/7409/3678/2549/1956/5295/5328/1499/5781/6093/2535/10855/3673/6774/10451/5727/117581/7042/8321/818/5962/815/7484/3316/5329/7472/3708/3685/6383/3236/7483/6655"
"hsa04151","hsa04151","PI3K-Akt signaling pathway",343,0.4905414805715,1.94154117062877,1e-10,1.22857142857143e-09,5.22556390977444e-10,3153,"tags=39%, list=19%, signal=32%","5159/1282/1278/7010/1435/3908/1284/3910/1293/2324/1277/3680/7450/3791/3716/1436/3690/3672/5294/3676/5156/3717/22801/2335/1286/54331/2321/8516/1902/1441/1291/2247/3815/7058/59345/9180/7097/5155/3082/5293/3912/2668/80310/3575/7148/2260/4915/3688/3371/146850/1292/57121/2846/3563/7057/4803/284/2255/3481/7099/4846/4233/5290/2252/5578/55970/3718/23533/2149/4254/894/56034/4790/3560/3559/3679/6654/627/2322/3678/1956/51378/5295/1969/1285/1946/3570/2793/5521/2791/3566/6850/3673/10319/10681/285/8817/9586/1288/3455/5228/29941/3696/7424/2246/596/3915/3691/7533/5529/23035/1386/1101/3675/3685/3695/6655/1287/3694/3569/6446/8515/3667/64764/5008/2323/57521/5594/4804/5516/2263/4914/3574/5586"
"hsa04810","hsa04810","Regulation of actin cytoskeleton",220,0.49591036651163,1.92196530409683,1e-10,1.22857142857143e-09,5.22556390977444e-10,3355,"tags=42%, list=20%, signal=34%","5159/9459/4478/3680/3690/3672/3676/5156/22801/3071/2335/54434/3684/8516/1902/7414/22808/5063/2247/5155/4659/4627/5293/80310/3689/2260/3688/4660/9475/2934/8826/57121/2846/2255/6387/5290/2252/55970/87/2149/7074/624/10672/81/56034/5880/7852/3683/730/3687/4638/3679/6654/7409/5305/3678/1793/1073/1956/55740/5295/6093/10787/3673/4629/8817/10451/3696/5962/2246/8395/3691/89846/10109/324/3675/3685/3695/6655/3694/4628/8515/1399/221178/1398/5594/2263/85464/10097/2254/23365/23396/387"
"hsa04020","hsa04020","Calcium signaling pathway",249,0.481408969841878,1.87902607376743,1e-10,1.22857142857143e-09,5.22556390977444e-10,3688,"tags=41%, list=22%, signal=32%","5159/5336/2324/109/3791/3274/51196/113/5027/5156/1909/552/5724/2321/6546/4773/57118/196883/115/3356/2774/5153/2247/57105/814/493/5155/3082/2668/80310/2260/4915/3363/5579/148/6869/5137/4803/2255/5350/6915/4846/4233/57172/3269/775/2252/1910/5578/2149/624/56034/488/7852/444/5330/4638/5260/3357/1956/113026/2767/1812/147/845/5733/4776/8817/10800/818/7424/2246/815/1139/89832/4916/53373/3708/2903/6261/4842/8912/136/9630/3270/2263/6263/4914/155/5335/2254/4486/7039/146/5023/6547/773/135/6543/4772/22953/2911"
"hsa04010","hsa04010","MAPK signaling pathway",294,0.457931265497622,1.80319455421302,1e-10,1.22857142857143e-09,5.22556390977444e-10,4406,"tags=43%, list=27%, signal=32%","5159/7048/7010/1435/5924/2324/25780/3791/4208/7040/115727/7786/1436/4215/5156/2321/22808/2247/3815/5155/3082/2668/80310/2260/4915/1432/5579/1326/4803/284/2255/7189/2122/3481/4233/1848/775/2316/2252/5578/55970/4254/56034/5880/4790/10235/6789/6654/627/5321/2322/1956/51378/1969/7046/929/1946/10125/1845/781/285/93589/55799/5778/8817/7042/4763/5228/57551/7424/2246/9252/84867/10746/11184/5922/6885/1386/5923/5906/7043/3553/1647/1847/5598/4214/6655/5921/1399/9693/8912/2323/1398/3556/5594/4804/2263/9020/4914/782/2254/7039/23118/4908/5058/1849/773/4772/7124/2069/5908/356/6722/409/9448/374/51135/994/8911/1843/10000/355/9064/2353/4615"
"hsa04933","hsa04933","AGE-RAGE signaling pathway in diabetic complications",98,0.58812722209479,2.13390085328097,1.5095183997859e-10,1.7780002064619e-09,7.5624855782804e-10,3702,"tags=54%, list=22%, signal=42%","1281/7048/1282/5336/1278/1284/1277/7040/4313/51196/3717/2335/1286/7412/7056/6777/1536/5293/1432/5579/2308/4088/4846/5290/5578/4790/5330/5295/7046/113026/6776/1285/5054/5581/6774/1288/7042/7424/596/7043/3553/6401/1287/3569/6772/5594/1958/5335/50507/3383/4772/6347/7124"
"hsa04659","hsa04659","Th17 cell differentiation",107,0.574631989978986,2.1093321259812,1.55058157540282e-10,1.7780002064619e-09,7.5624855782804e-10,3825,"tags=55%, list=23%, signal=43%","7048/3716/7040/3717/6095/196/4773/920/6777/3113/1432/3111/4088/3572/3594/3718/917/10148/3122/4790/3560/3559/9466/7046/6776/861/3570/5914/3566/5588/30009/6774/3115/3662/3117/50943/919/50615/3123/3553/916/3119/3569/6772/3118/3127/3556/5594/2625/3120/3112/5335/7535/4772/6258/3108/3561/3091/149233"
"hsa05415","hsa05415","Diabetic cardiomyopathy",172,-0.388697865377486,-2.10576684651292,2.33925762219717e-10,2.59582136140589e-09,1.10409782507778e-09,1529,"tags=36%, list=9%, signal=33%","7417/374291/4723/5162/4700/1327/4698/1345/7386/4714/6390/1537/10975/4708/4731/4704/816/10105/440567/4710/4711/55967/4728/126328/51079/9167/7381/4725/1350/4696/4709/4726/5590/4718/1347/4715/4712/7384/29796/27089/4713/4717/1351/4722/54539/1349/7388/1340/4706/293/1337/1329/4695/4694/4707/4705/4702/5499/4701/4716/9377/4729"
"hsa04360","hsa04360","Axon guidance",180,0.501395674904694,1.92046437038115,4.38827677533399e-10,4.71739753348404e-09,2.00648181503758e-09,3439,"tags=44%, list=21%, signal=35%","5336/2534/1808/6586/8633/2042/9353/10154/7225/54434/7220/4773/9037/5063/219699/5293/80031/3688/54437/9475/6092/7223/56963/10501/6387/4233/8482/5290/5578/6091/151449/91653/91584/5880/7852/5362/10371/7222/1073/56920/55740/5295/57689/1969/659/1946/64101/5781/6093/2047/2771/59277/9423/4776/5727/3897/818/1947/815/5361/8829/1630/4917/5921/2048/5594/2043/85464/23380/9723/5335/23365/9860/25/1949/387/2242/2045/5058"
"hsa05150","hsa05150","Staphylococcus aureus infection",87,0.591348517450891,2.13256492435428,5.00978362700008e-10,5.06872225790596e-09,2.1559130778731e-09,3234,"tags=46%, list=19%, signal=37%","3075/6403/719/2212/716/3684/5724/9103/3426/3689/715/3113/3111/2359/2213/714/2357/6404/728/3586/2214/3122/3683/5648/718/713/3115/712/3117/2358/3123/2209/3119/2204/3118/10747/3127/3120/3112/2215"
"hsa04072","hsa04072","Phospholipase D signaling pathway",142,0.532284288244887,2.00952494273708,4.91130625323458e-10,5.06872225790596e-09,2.1559130778731e-09,3355,"tags=42%, list=20%, signal=34%","5159/5336/2534/109/9846/26052/113/5294/5156/552/1902/111/196883/115/22808/3815/56895/5155/5293/80310/146850/57121/2846/1759/399694/27128/5290/5578/23533/2149/4254/10672/56034/5337/2206/5330/6654/2207/5321/2549/1956/2205/5295/5781/6850/9162/160851/1608/8526/8395/6655/53358/6464/2918/5594/3579/554/5335/23396/387"
"hsa04061","hsa04061","Viral protein interaction with cytokine and cytokine receptor",95,0.586759744994508,2.13374582708436,5.31830930958615e-10,5.22713829285039e-09,2.22329321513526e-09,5307,"tags=76%, list=32%, signal=52%","1435/1436/7133/3587/1230/6387/6376/8809/3572/729230/1233/3586/7852/3560/146433/3559/1234/8740/6357/2829/3570/1524/6360/6358/1237/3606/1235/6367/1236/6366/6351/2833/3569/8807/8797/3579/6363/10344/6352/6355/10803/8793/6368/6347/7124/56477/3561/6846/5197/6375/1232/643/4049/6372/6348/6361/8794/2919/4283/414062/7132/6374/6359/10563/3577/2920/2826/11009/8795/9560/6356/2921"
"hsa04670","hsa04670","Leukocyte transendothelial migration",110,0.554688569458034,2.0452674584186,1.26632533613796e-09,1.21004421008739e-08,5.14676086909874e-09,4112,"tags=51%, list=25%, signal=39%","4478/1003/5336/58494/4313/90952/3676/3684/7412/7414/7070/1536/5293/5175/3689/1432/5579/3688/9475/6387/4688/3702/5290/5578/87/81/5880/7852/3683/83593/5010/7409/5295/4689/1499/83692/5781/6093/653361/2771/10451/394/5906/1535/83700/5335/387/29119/7294/3383/5908/1495/60/10398/11069/149461"
"hsa04148","hsa04148","Efferocytosis",154,0.512338971999187,1.94468560431797,1.56964848703025e-09,1.45934886361731e-08,6.20714479935148e-09,3810,"tags=45%, list=23%, signal=35%","1901/8578/9844/558/7040/23166/3690/3717/10326/4773/140885/4240/196527/126129/5732/5175/1432/405/64805/84868/29933/89790/714/7057/6376/834/2621/4035/3586/488/5087/114786/203859/1793/6868/9023/713/286410/5031/5781/1524/19/4776/818/712/815/3685/1847/3988/5468/6446/1399/1398/5878/5594/5627/5734/5029/121601/55423/24145/23355/9392/27072/1849/102/4772/5743/1385/3091"
"hsa04974","hsa04974","Protein digestion and absorption",100,0.566501527375961,2.06209376728029,1.77248552597219e-09,1.60456584456429e-08,6.82480576482365e-09,2460,"tags=34%, list=15%, signal=29%","1281/1289/1282/1306/1278/1284/1293/1290/1277/7373/2006/1295/81578/50509/1286/6546/1296/482/1291/80781/9056/1292/1307/85301/8645/7512/1359/1285/1305/10008/1288/481/477/54407"
"hsa04630","hsa04630","JAK-STAT signaling pathway",150,0.516934979401391,1.95653726774068,2.3166422216816e-09,2.04339724168838e-08,8.69131629726699e-09,4603,"tags=48%, list=28%, signal=35%","5159/3716/1439/3953/5156/3717/1441/1438/6777/3587/9180/5155/5293/3575/3563/5290/3572/3594/3718/894/3586/3560/3559/6654/9655/2273/9466/1956/5295/316/6776/5781/3570/3566/1387/6774/3600/85480/8554/3455/3595/596/4352/6775/50615/3601/9021/1271/3976/6655/3569/6772/5008/2033/9306/64109/3574/1489/3597/30837/3598/3561/149233/4170/3592/8651/3581/10000/3593/122809/6773/116379"
"hsa03060","hsa03060","Protein export",27,-0.736133931785203,-2.92094913068468,6.23700501991345e-09,5.36382431712557e-08,2.28143078359992e-08,3068,"tags=70%, list=18%, signal=57%","3309/90701/6728/6726/83943/5018/28972/6727/23478/9789/51608/29927/8266/6449/29100/58477/10952/196294/23480"
"hsa05414","hsa05414","Dilated cardiomyopathy",104,0.556164534990001,2.03290075381213,6.8512432938676e-09,5.74836022704989e-08,2.44498797906957e-08,3717,"tags=50%, list=22%, signal=39%","3908/109/3680/7040/3690/3672/113/3676/22801/8516/6546/111/196883/115/8082/6443/3688/5350/775/1756/488/3679/3678/3673/781/8910/93589/55799/7042/6641/3696/7171/3691/3675/7043/3685/1837/6444/3695/3694/4842/8515/6645/782/7168/70/6445/6547/6543/7124/4000/6442"
"hsa05140","hsa05140","Leishmaniasis",75,0.599565202954899,2.13033885500234,7.60948779657129e-09,6.23253286195363e-08,2.65092432010879e-08,4406,"tags=69%, list=27%, signal=51%","3716/7040/3676/3717/2212/3684/9103/7097/1536/3689/3113/1432/3111/5579/3688/7189/7099/4688/3586/1378/2214/3122/4790/718/4689/653361/3115/7042/3117/3123/6885/7043/3553/2209/1535/3119/6772/3118/3127/5594/3120/3112/2215/23118/7124/5743/3108/51135/3592/3593/2353/4615"
"hsa04082","hsa04082","Neuroactive ligand signaling",196,0.475848487777956,1.83269175453211,8.84207936988281e-09,7.07366349590625e-08,3.00868796184507e-08,4865,"tags=45%, list=29%, signal=32%","109/9934/3274/113/54331/111/196883/115/3356/2774/59345/6529/3363/5579/64805/148/6869/2775/6512/3269/53829/2899/57030/5578/55970/5330/63910/3355/3357/79627/2561/2767/1812/5031/2793/2901/2791/140/2898/147/2771/10681/6507/2900/134/1139/6571/2891/89832/3351/2903/6536/136/2890/2918/8973/5029/2564/146/5023/5179/2743/135/60482/22953/2911/3354/2893/2784/55879/1129/1143/2570/2556/2568/1137/43/2892/5368/108/4987/3352/3360/151/2912/2563/2776/6530"
"hsa05412","hsa05412","Arrhythmogenic right ventricular cardiomyopathy",86,0.580033515920537,2.08764043431958,1.11076682217271e-08,8.62428704646808e-08,3.66822490654548e-08,4244,"tags=59%, list=26%, signal=44%","3908/3680/3690/3672/3676/22801/8516/6546/2697/8082/6443/83439/3688/775/1756/488/3679/3678/1499/3673/781/1000/8910/93589/55799/6641/3696/3691/3675/3685/1837/6444/3695/3694/4842/8515/6645/782/29119/6445/6547/6543/4000/6442/1495/60/51176/6932/5318/6934/1674"
"hsa04610","hsa04610","Complement and coagulation cascades",85,0.579952875530743,2.08260755315163,1.12817708456705e-08,8.62428704646808e-08,3.66822490654548e-08,3339,"tags=46%, list=20%, signal=37%","7450/2/3075/719/716/3684/7056/11326/3426/2162/3689/715/2157/710/5270/714/2149/624/728/1378/730/3687/5648/718/5328/713/5054/7035/10544/712/5104/2159/5329/1191/966/10747/5627/1604/722"
"hsa04658","hsa04658","Th1 and Th2 cell differentiation",91,0.56488539553082,2.04299660137763,1.17349570555129e-08,8.77570701542702e-08,3.73262936090684e-08,4763,"tags=63%, list=29%, signal=45%","3716/4854/54567/3717/4773/920/6777/3113/1432/3111/84441/3594/3718/4851/917/864/3122/4790/3560/3559/6776/3566/5588/30009/3115/3595/3117/919/6775/3123/916/3119/4853/6772/3118/3127/5594/3714/2625/3120/3112/5335/28514/7535/4772/3108/3561/4094/3592/915/3593/2353/182/9794/3932/4792/5532"
"hsa03008","hsa03008","Ribosome biogenesis in eukaryotes",69,-0.506369634580562,-2.48844824449131,1.20380118862421e-08,8.8108001890793e-08,3.74755577197682e-08,2907,"tags=45%, list=18%, signal=37%","29107/28987/10556/55813/25996/5822/10813/5901/84128/10799/3692/10528/27341/1736/10199/92856/10607/51367/2091/26354/10557/10775/10436/29889/54433/51602/1460/55505/10248/55651/55272"
"hsa05206","hsa05206","MicroRNAs in cancer",160,0.494573003962807,1.87666163173239,1.34044476905773e-08,9.60652084491371e-08,4.08600488813649e-08,4636,"tags=49%, list=28%, signal=36%","5159/9839/5336/7431/6935/4854/6624/4855/3690/7078/5243/4325/5156/8434/5155/5293/7148/5579/3371/399694/7057/4233/23414/5290/5578/4851/10253/894/4790/6654/2744/3678/1956/5295/5328/659/5581/1946/6093/1387/6774/1786/7042/3162/5962/9252/596/324/5598/3236/6655/4853/1399/6464/3667/2033/57521/1398/5594/472/7168/5335/25/387/5743/4170/1591/63923/994/8626/8651/9759/131405/7473/5728/23411/5268/960/10018"
"hsa05152","hsa05152","Tuberculosis",170,0.485318800783428,1.85180685681026,2.25333009929919e-08,1.58192970236515e-07,6.72852596783217e-08,3789,"tags=46%, list=23%, signal=36%","3716/7040/8844/4360/3717/2212/3684/9103/9902/3587/7096/64581/7097/4261/3689/10333/3113/1432/3111/2213/1520/30835/7189/7099/3586/1378/2214/3122/4790/3687/972/2207/718/64127/929/1263/6850/1387/64170/3115/4046/7042/818/843/11151/3606/3117/815/596/3656/3123/8411/7043/26253/3553/2209/3119/3569/6772/3118/2033/3127/5878/5594/3120/3112/23365/2215/317/4801/387/54106/5993/22925/7421/7124/3108/1385"
"hsa04926","hsa04926","Relaxin signaling pathway",127,0.519813026029707,1.94655570250447,2.45376304327911e-08,1.68818897377602e-07,7.18048553717465e-08,2824,"tags=38%, list=17%, signal=32%","1281/7048/1282/1278/1284/1277/109/7040/4313/113/1286/54331/111/196883/115/59345/5293/1432/2775/399694/4846/5290/1910/5578/55970/4790/5330/6654/1956/5295/7046/1285/2793/2791/59350/2771/10681/9586/1288/7424/59/1386/6655/53358/1287/4842/6464/64764"
"hsa04141","hsa04141","Protein processing in endoplasmic reticulum",161,-0.366970991695632,-2.00783437665915,3.22321391373642e-08,2.17408938495162e-07,9.24719781237073e-08,2797,"tags=34%, list=17%, signal=29%","51465/6185/9601/6238/10130/258010/9632/7494/7186/64215/55968/3326/7415/1603/80331/11253/10956/80700/3703/573/7184/58505/3300/10960/5886/51035/51009/84447/581/200185/51726/1650/29927/10113/64374/5034/10961/23640/10134/6048/6396/7841/6184/10273/6748/6746/5589/2923/468/9978/10952/811/118424/54788/23480"
"hsa05416","hsa05416","Viral myocarditis",67,0.597275694639611,2.1007811105889,3.33191785684894e-08,2.20419181299238e-07,9.37523445550614e-08,3986,"tags=66%, list=24%, signal=50%","2534/3908/8082/3689/3113/6443/3111/3133/942/857/1756/3122/5880/3683/959/5551/958/3115/8910/6641/3117/3123/941/1837/6444/3119/4842/3118/940/3127/6645/3120/3112/8672/1604/1982/25/6445/27/3383/6442/3108/60/3134"
"hsa05321","hsa05321","Inflammatory bowel disease",64,0.610963771157415,2.12800383990723,3.47233321115817e-08,2.25374080120455e-07,9.58598443596793e-08,4051,"tags=67%, list=24%, signal=51%","7040/6095/7097/3113/3111/4088/7099/8809/3594/3586/3122/4790/64127/3566/30009/6774/3115/7042/3595/3606/3117/50943/6775/50615/3123/7043/3553/3119/3569/8807/6772/3118/3127/2625/3120/3112/4772/7124/3108/3561/149233/4094/3592"
"hsa05145","hsa05145","Toxoplasmosis",110,0.526278182304876,1.94051166656552,5.72878587530809e-08,3.6494487798259e-07,1.55224412605814e-07,5077,"tags=59%, list=31%, signal=41%","3908/3910/3716/7040/5294/3717/3587/7097/4261/3912/3113/1432/3111/3688/146850/2775/7189/7099/23533/3586/3122/4790/1234/959/958/10319/6774/3115/2771/7042/330/3117/596/3915/23643/3123/6885/7043/3119/6772/3118/3127/5594/3120/3112/23118/7124/3108/3913/51135/3592/8651/3909/3914/10000/3593/4615/3655/7132/4792/240/345611/5599/4843/5170"
"hsa04350","hsa04350","TGF-beta signaling pathway",107,0.532152547526477,1.95340058332182,6.65010864140868e-08,4.15934067753561e-07,1.76911981082451e-07,4767,"tags=57%, list=29%, signal=41%","2200/7048/2615/7040/4052/3624/1634/1030/652/4088/56963/7057/7044/90/6497/151449/3077/6498/4092/5933/7046/4086/659/6093/1387/3400/7042/25942/57154/4093/3399/2014/650/9611/7037/7043/79875/9241/2033/3547/26585/5594/5516/392255/10468/4091/387/8454/6667/7124/23592/3397/10637/656/130399/4090/9372/655/653/657/64750"
"hsa04672","hsa04672","Intestinal immune network for IgA production",46,0.643899527065102,2.13293880422022,1.25159470375233e-07,7.68836746590717e-07,3.2701440567965e-07,4948,"tags=78%, list=30%, signal=55%","7040/3676/3113/3111/942/6387/3586/10673/3122/7852/959/958/3115/3600/3117/3601/3123/941/3695/3119/3569/3118/940/29851/3127/9020/3120/3112/10803/56477/3108/23495/115650/23308/608/2826"
"hsa04613","hsa04613","Neutrophil extracellular trap formation",108,0.521602068665106,1.91655931926228,2.63370429724768e-07,1.58946364605825e-06,6.76057058757945e-07,3916,"tags=47%, list=24%, signal=36%","5336/7450/3690/6403/2212/3684/64581/7097/1536/5293/3689/1432/5579/2359/27180/51311/51284/7099/4688/834/5290/5578/2357/6404/728/1378/2214/5880/4790/3683/5330/718/5295/4689/653361/6850/2358/6885/4353/2209/1535/9734/5594/5335/2215/1511/366/2811/51564/60/1991"
"hsa05144","hsa05144","Malaria",46,0.635033672789667,2.10357036423575,3.04260368335114e-07,1.8045787363324e-06,7.6755337928459e-07,4775,"tags=78%, list=29%, signal=56%","7040/6403/7412/7058/7097/3082/5175/3689/7057/7099/4233/4035/3586/1378/3683/959/958/2995/7042/3606/7043/3553/6383/6401/3569/3820/22914/54106/3383/6347/7124/3592/4615/1379/3043/1440"
"hsa04024","hsa04024","cAMP signaling pathway",219,0.436708036128164,1.69360457144234,3.22737104610678e-07,1.88172142349276e-06,8.00364987348514e-07,5161,"tags=47%, list=31%, signal=33%","109/51196/113/1909/111/2735/4881/196883/115/482/5143/5732/814/493/4659/5293/9475/4886/5350/64411/775/5290/5139/3776/2737/2149/7074/5337/6752/488/5880/4790/7409/627/3355/5295/5141/1812/6093/1387/2771/5733/64399/9586/10451/5727/117/818/815/134/481/477/116/2891/5906/3351/2903/64091/3991/64764/2033/2890/7434/5594/387/5144/5058/135/4772/56670/3354/2893/1385/5348/5908/2696/11149/1906/10398/1129/11069/478/5021/6548/7253/10000/2353/2892/480/817/108/3352/3360/1080/4792/1261/5465/1395/5599/5142/490/1394/1816/801"
"hsa01200","hsa01200","Carbon metabolism",108,-0.403140109758264,-2.14341045674295,4.34081377845985e-07,2.48873323298365e-06,1.05854932492266e-06,3795,"tags=44%, list=23%, signal=35%","50/2653/5211/5313/26275/38/226/2731/8310/29968/5723/2806/2539/2023/5095/6472/83440/5091/3418/5226/2746/4190/7167/84706/5160/2597/22934/2821/5096/5162/2203/39/8802/3420/132158/6390/7086/283871/113675/4191/2805/2271/25796/84693/1892/3421/84532/6888"
"hsa05410","hsa05410","Hypertrophic cardiomyopathy",99,0.531019227573957,1.93114762297379,4.73994872862528e-07,2.67302026663458e-06,1.1369333447436e-06,4728,"tags=57%, list=28%, signal=41%","3908/3680/7040/3690/3672/3676/22801/8516/6546/8082/6443/3688/775/1756/488/3679/3678/3673/781/8910/93589/55799/7042/6641/3696/7171/3691/3675/7043/3685/1837/6444/5565/3695/3694/3569/4842/8515/6645/782/7168/70/6445/6547/6543/7124/4000/6442/60/1906/1636/1674/3655/7169/4634/859"
"hsa04724","hsa04724","Glutamatergic synapse",111,0.499090734871217,1.8426371335275,6.41645173796038e-07,3.56009580299737e-06,1.51423903493462e-06,4842,"tags=47%, list=29%, signal=33%","109/85358/113/54331/7220/111/196883/115/59345/5579/50944/2775/6512/775/2899/57030/5578/55970/5337/1742/5330/3760/5321/2744/2793/2901/2791/2898/2771/10681/6507/2900/2891/3708/54407/2903/2890/2918/5594/773/2911/10991/2893/2784/2752/2892/108/81539/9456/5532/2912/2776"
"hsa04080","hsa04080","Neuroactive ligand-receptor interaction",348,0.392730391499231,1.55552589789414,1.27744773374262e-06,6.97527016519778e-06,2.9668376773638e-06,6363,"tags=48%, list=38%, signal=30%","1901/10203/9934/3274/286530/3953/5027/719/1909/1268/552/5724/1902/187/3356/57105/5732/2894/2908/3363/148/2359/2846/6869/5739/1903/4886/6915/3269/53829/2899/1910/2149/27334/2357/624/6752/728/3355/3357/718/79627/2561/1812/5031/2901/5729/140/59350/2898/147/5733/4889/5745/117/10800/2900/2358/134/165829/116/9294/1139/2891/89832/3351/2903/8698/3001/10316/136/2890/7434/2918/8973/5734/554/5029/2564/155/1269/6753/66004/146/799/1511/5023/64106/5179/2743/135/2151/22953/2911/9340/3354/2893/10886/2696/1906/55879/1129/1143/5021/2570/2556/7253/2568/10857/2587/1137/2892/5368/3061/4987/3352/3360/7067/4829/1140/151/2912/2563/1395/4142/56413/53637/1394/1816/3358/134864/1908/9127/5028/4160/7432/1141/2831/1134/2557/2915/2569/1813/6344/5731/3640/7200/1132/2847/5443/886/3350/2916/7201/623/3973/10161/2688/2837/4923/1144/56923/5737/3952/1907/2798"
"hsa05322","hsa05322","Systemic lupus erythematosus",51,0.606623184551849,2.04857514575277,1.62090245394463e-06,8.71235068995237e-06,3.70568159701156e-06,3916,"tags=69%, list=24%, signal=53%","2212/716/715/3113/3111/714/942/87/81/3586/2214/3122/730/959/958/718/713/3115/712/3117/3123/941/2209/2903/3119/3118/940/3127/3120/3112/2215/1511/7124/3108/1991"
"hsa04145","hsa04145","Phagosome",146,0.468832588230328,1.77191553315063,2.21151673558002e-06,1.17040270313774e-05,4.97815103231779e-06,4128,"tags=47%, list=25%, signal=36%","3690/4360/2212/3684/9103/9902/7058/64581/7097/1536/3689/10333/715/3113/3111/3688/2213/1520/3133/30835/4481/7057/7099/4688/2214/3122/8417/718/3678/9341/4689/929/1780/653361/3673/3115/11151/3117/3123/8411/7037/4353/3685/2209/1535/4973/3119/4842/7846/2204/3118/84617/1783/3127/5878/8685/3120/3112/2215/4074/79659/22925/1781/3108/6891/60/3134/23673/534"
"hsa05142","hsa05142","Chagas disease",101,0.501621797086593,1.8270297746007,2.41255901427424e-06,1.23868701628409e-05,5.26858920634909e-06,5031,"tags=56%, list=30%, signal=40%","7048/7040/2774/7097/5293/10333/1432/714/2775/7189/8837/7099/5290/917/624/3586/4790/5330/718/5295/7046/713/2767/5054/5521/2771/7042/712/919/7043/3553/916/3569/9630/5594/5516/6352/54106/6347/7124/356/51135/3592/1636/915/6348/10000/3593/355/2353/4615/414062/7132/4792/2776/5599/4843"
"hsa04022","hsa04022","cGMP-PKG signaling pathway",162,0.454013133766352,1.72342446767165,2.40160379369721e-06,1.23868701628409e-05,5.26858920634909e-06,4018,"tags=41%, list=24%, signal=32%","109/5592/4208/113/5294/1909/7225/6546/4205/111/4773/4881/196883/115/5138/482/2977/493/4659/9475/148/146850/4882/5350/4846/3764/8654/775/3778/1910/5139/23533/624/10672/488/5330/4638/2767/5581/6093/140/147/2771/4776/9586/4209/134/481/477/1386/3708/3779/3667/64764/5594/155/387/2969/146/6547/6543/4772/1385/340156/6722/10398/478"
"hsa04621","hsa04621","NOD-like receptor signaling pathway",168,0.447300309098455,1.70168151145706,3.27808804408631e-06,1.65832689289072e-05,7.05347117845198e-06,4925,"tags=48%, list=30%, signal=34%","3716/84168/3428/22861/84674/51393/5027/114548/2633/115361/1536/1432/6041/7128/7189/7099/834/140609/2634/4790/11035/5330/64127/63940/4210/1508/115362/100506742/64170/9927/7188/3455/9051/330/171389/22900/114769/3606/7187/596/6885/10010/3708/58484/3553/1535/10628/838/3569/6772/5594/4940/5586/9447/643246/6352/24145/56919/118429/23118/387/7158/6347/7124/81631/51135/10392/2919/9140/4615/2635/7205/6773/9641/4671/4792/54822/388646/2920/345611/5599"
"hsa05032","hsa05032","Morphine addiction",88,0.517376016963672,1.86511884359724,3.3513039829751e-06,1.67079502919338e-05,7.10650272514934e-06,1787,"tags=31%, list=11%, signal=28%","109/2869/113/54331/27115/111/196883/115/5138/5153/59345/5143/5579/2775/5137/5139/5578/55970/3762/3760/2561/5141/1812/2793/2791/2771/10681"
"hsa05202","hsa05202","Transcriptional misregulation in cancer",170,0.445136894304993,1.69848675089975,5.29859783188814e-06,2.60388236309931e-05,1.10752646410895e-05,3928,"tags=41%, list=24%, signal=32%","7048/2313/6935/862/4208/1436/7102/4286/3684/2321/4005/2308/942/4233/1848/6688/2119/894/7030/55589/5087/4790/3560/64919/4211/3486/958/2322/5966/5328/4086/929/861/5914/3087/2530/25942/330/904/7850/8861/2138/7185/9611/8900/2115/860/4353/4066/1647/2209/3695/5468/3569/597/51384/8864/4804/4914/4613/472/221037/51426/604/6667/8842/6258/8013/1991/905"
"hsa04650","hsa04650","Natural killer cell mediated cytotoxicity",116,0.479502642149446,1.78029001253269,5.82001765737212e-06,2.81770123486291e-05,1.19847145546495e-05,5465,"tags=55%, list=33%, signal=37%","5336/2534/3937/4773/5293/3689/5579/3133/399694/5290/5578/4277/2214/5880/3683/6654/2207/7409/5551/5295/5781/3824/962/6850/117157/7305/3384/10451/3455/919/135250/6655/53358/6464/8797/51744/5594/10870/5335/2215/5058/7535/22914/3383/4772/7124/3821/4068/356/9437/355/79465/3932/5532/3105/8795/154064/9436/27040/353091/259197/3845/5595/6452"
"hsa04668","hsa04668","TNF signaling pathway",117,0.475251178259217,1.76446865807741,5.89751421250377e-06,2.81770123486291e-05,1.19847145546495e-05,5002,"tags=56%, list=30%, signal=39%","1435/4323/7133/7412/5293/1432/1326/7128/8837/6376/8809/5290/1540/197259/153090/4790/11035/79651/6868/64127/5295/3600/9530/7188/9586/330/843/7187/7424/9252/7185/6885/1386/9021/3553/3976/6401/3569/64764/5594/9020/83737/6352/23118/3383/6347/7124/5743/1385/1906/4049/6372/10000/355/2919/2353/182/7132/6374/83786/4792/4217/2920/5599/4314"
"hsa04540","hsa04540","Gap junction",84,0.523437976627279,1.88010271654565,6.53572449033143e-06,3.0798482529781e-05,1.30997217614429e-05,3029,"tags=37%, list=18%, signal=30%","5159/109/5592/113/5156/1902/111/196883/115/3356/2697/2977/5155/80310/5579/5578/56034/5330/6654/3357/1956/2767/1812/2771/10746/3708/5598/6655/7846/84617/5594"
"hsa04081","hsa04081","Hormone signaling",213,0.423808306962343,1.64055431607699,7.09447643373581e-06,3.29797282865557e-05,1.40274854095203e-05,4893,"tags=38%, list=29%, signal=27%","109/5592/3953/3690/113/3717/9843/54331/552/111/4881/196883/115/6777/59345/5293/6567/148/4882/30061/2775/3481/90/5290/55970/1734/10672/2099/6752/5330/10268/5295/5744/4086/6776/2767/1812/2793/2791/147/6774/2771/10681/5745/4093/10266/4352/3685/4842/3667/2100/9630/7434/554/155/53919/387/6753/146/799/5179/2784/26060/2696/11069/5021/7253/4090/5368/3061/108/4987/7067/657/151/5593/3643/2776/1395/3479"
"hsa04919","hsa04919","Thyroid hormone signaling pathway",121,0.47609142252365,1.77410428092974,7.26321785873677e-06,3.3313959245406e-05,1.41696460682724e-05,5402,"tags=53%, list=33%, signal=36%","5336/4854/4855/3690/51196/10231/482/5293/6567/5579/2308/652/5350/5290/5578/4851/1734/2099/488/5330/1735/5295/113026/1499/1827/1387/23389/25942/9968/481/8202/477/9611/3685/10499/4853/6772/2033/5594/5335/53919/5214/6258/9969/3091/60/478/5213/6548/10000/8648/6256/480/54361/5469/7067/9282/5170/4624/23236/3845/8850/5566/5595"
"hsa04713","hsa04713","Circadian entrainment",95,0.510488404685671,1.85638587610197,7.57146617813821e-06,3.4270846911573e-05,1.45766454122051e-05,3058,"tags=40%, list=18%, signal=33%","109/5592/113/54331/111/196883/115/2977/59345/5579/2775/775/5578/55970/5330/3762/3760/2793/2791/2771/10681/9722/117/818/815/9252/116/2891/3708/8863/2903/6261/4842/8912/8864/2890/5594/6263"
"hsa04270","hsa04270","Vascular smooth muscle contraction",129,0.473162441831964,1.77058076334796,8.41379160559353e-06,3.75888871730412e-05,1.59879293667464e-05,4057,"tags=39%, list=24%, signal=30%","109/5592/10203/113/1909/552/111/4881/196883/115/2977/4659/4627/800/5579/4660/9475/148/5739/4882/775/3778/5578/10672/5330/4638/10268/5321/2767/5581/6093/5588/4629/147/9826/10266/59/3708/3779/4628/136/5594/23365/387/146/135/340156/1906/10398/72"
"hsa00630","hsa00630","Glyoxylate and dicarboxylate metabolism",29,-0.591799515558917,-2.34196904713693,8.7178301576987e-06,3.84478663365174e-05,1.63532846412972e-05,3795,"tags=59%, list=23%, signal=45%","50/2653/38/2731/81888/5095/6472/4190/5096/9380/39/132158/283871/4191/125061/84693/84532"
"hsa03420","hsa03420","Nucleotide excision repair",59,-0.454651250612378,-2.18343050059765,1.0924653452987e-05,4.6976009847844e-05,1.99806161837525e-05,4517,"tags=56%, list=27%, signal=41%","246721/5983/54107/1069/5426/5424/2968/548644/5440/5111/5984/2068/902/5982/7507/5427/56655/4331/5886/5434/404672/5441/6119/1022/57804/2067/5436/5438/5439/5435/9978/5425/5437"
"hsa04064","hsa04064","NF-kappa B signaling pathway",99,0.497865828154331,1.81057927976103,1.08286861358168e-05,4.6976009847844e-05,1.99806161837525e-05,5307,"tags=61%, list=32%, signal=41%","5336/7412/84433/695/5579/7128/7189/8837/6387/7099/23085/1540/10673/4790/959/958/8740/5328/6357/929/6850/5588/60401/7188/330/7187/596/4067/7185/23643/6885/3553/1647/6366/6351/597/9020/8600/6363/472/5335/23118/7535/3383/7124/5743/51135/4049/2919/115650/4615/7132/3932/4792/2920/4050/9560/3929/27040/2921"
"hsa04310","hsa04310","Wnt signaling pathway",169,0.439812922834651,1.67502577459285,1.12365235159172e-05,4.77205443145126e-05,2.02972939403833e-05,5409,"tags=52%, list=33%, signal=35%","23500/144165/2487/4773/8324/6423/83439/5579/9475/166336/4088/6422/4163/4919/5578/894/5176/27123/5880/284654/5330/7482/6907/4920/1499/2535/7091/1387/64321/4776/8321/818/8549/164284/85407/815/7484/22943/6885/324/7472/85409/7483/4040/11211/23002/84870/2033/51384/59352/27130/8313/8323/387/8454/147495/4772/23291/6424/51176/6932/11197/6934/7471/7473/817/54361/23411/340419/5532/7474/57216/57680/5599/7475/8061/80326/59343/1857/6425/4007/81839/23236/2239/55366/4041/5566/6259"
"hsa05165","hsa05165","Human papillomavirus infection",317,0.391745253147489,1.54640629714056,1.17756739892563e-05,4.94003884427338e-05,2.10117931258874e-05,4588,"tags=40%, list=28%, signal=30%","5159/1282/1278/3908/1284/3910/1293/1277/3680/7450/3716/4854/4855/3690/3672/3676/4242/22801/2335/1286/26508/8516/1291/8324/7058/5293/3912/7148/83439/3688/2308/7098/3371/1292/84441/3133/7057/5290/4851/894/4790/7482/3679/6654/3678/1956/5933/5295/1499/1285/5521/2535/3673/1387/10319/3996/9586/1288/3455/8321/23462/3696/7187/7484/3915/3691/4599/5529/8900/324/7472/1101/3675/3685/4600/3695/7483/6655/4853/1287/3694/8515/6772/11211/64764/2033/51384/5594/5516/5734/472/8313/8323/5925/8638/5527/27175/9223/7124/5743/1385/1108/23352/356/5934/6932/3134/63923/3913/5523/534/6934/3909/3914/10000/1739/355/3655/245972/7471/7473/182/54361/5728/6773/9794/9641"
"hsa03020","hsa03020","RNA polymerase",30,-0.577787441604342,-2.34394902552742,1.29863282031172e-05,5.38228542394254e-05,2.28928296795598e-05,1599,"tags=57%, list=10%, signal=51%","661/548644/5440/55718/10621/27297/171568/5434/5441/51082/5436/5438/5439/5435/5437/51728/9533"
"hsa05417","hsa05417","Lipid and atherosclerosis",205,0.420859522341307,1.6255231118134,1.45708035855536e-05,5.96709099217908e-05,2.53802217843602e-05,5402,"tags=49%, list=33%, signal=34%","6403/3717/114548/7412/4773/7097/1536/5293/10333/1432/9475/7189/7099/4846/4688/834/5290/5578/4790/5330/7409/959/958/5295/338/4689/929/653361/6774/19/4780/10451/818/3606/7187/815/596/4067/23643/3306/6885/10010/3708/5906/3553/1535/22926/4973/5468/6401/2081/3569/8797/5452/5594/57534/5335/317/6352/23118/387/1548/3383/4772/6347/7124/6258/5908/356/51135/3592/6348/10000/3593/355/2919/2353/4615/6256/817/414062/9641/7132/4792/4217/5532/2920/5599/4314/5170/29110/8795/1549/801/3929/23236/6648/2921/948/3845/5595"
"hsa05330","hsa05330","Allograft rejection",36,0.629926171893727,1.97457694721387,1.64439443883477e-05,6.65496102304896e-05,2.83059847675583e-05,4357,"tags=72%, list=26%, signal=53%","3113/3111/3133/942/3586/3122/959/5551/958/3115/3117/3123/941/3119/3118/940/3127/3120/3112/7124/3108/356/3134/3592/3593/355"
"hsa03410","hsa03410","Base excision repair",43,-0.508777803830654,-2.25780289540923,2.01075894910392e-05,8.04303579641566e-05,3.42099747766762e-05,4641,"tags=70%, list=28%, signal=50%","8505/3978/3146/5983/54107/4595/5426/5424/7374/11232/5111/5984/3980/5982/5427/55775/56655/4968/2237/328/27343/5423/79661/57804/23583/4913/4350/54840/11284/5425"
"hsa05310","hsa05310","Asthma",27,0.65619281613342,1.94956032280208,2.15939848567255e-05,8.53831125369377e-05,3.63165625539607e-05,3769,"tags=70%, list=23%, signal=54%","3113/3111/3586/3122/2206/2207/959/958/2205/3115/3117/3123/3119/3118/3127/3120/3112/7124/3108"
"hsa04520","hsa04520","Adherens junction",86,0.507832427701801,1.82777629366196,2.25235546897194e-05,8.80466228779941e-05,3.74494509793182e-05,4877,"tags=56%, list=29%, signal=40%","7048/1003/2534/57493/5787/7414/2260/10580/83439/9475/8826/4088/6615/4233/87/81/5880/1956/7454/2241/7046/1499/6093/6591/54922/1387/55698/57154/6885/5906/2033/5594/117178/387/29119/5908/1495/60/51176/6932/10398/889/6934/5770/9411/64750/3643/10163"
"hsa05332","hsa05332","Graft-versus-host disease",39,0.601920451864682,1.9137845165829,2.5456667630816e-05,9.70089925909966e-05,4.1261474816856e-05,4357,"tags=64%, list=26%, signal=47%","3113/3111/3133/942/3122/5551/3824/3115/3117/3123/941/3553/3119/3569/3118/940/3127/3120/3112/7124/3108/3821/356/3134/355"
"hsa01521","hsa01521","EGFR tyrosine kinase inhibitor resistance",79,0.517627275473017,1.85602906234909,2.52623663862152e-05,9.70089925909966e-05,4.1261474816856e-05,3318,"tags=47%, list=20%, signal=38%","5159/5336/3791/3716/558/5156/3717/2247/5155/3082/5293/80310/5579/399694/4233/2621/5290/5578/56034/6654/2549/1956/5295/3570/6774/4763/9542/596/3084/6655/53358/3569/6464/5594/2263/5335/7039"
"hsa04725","hsa04725","Cholinergic synapse",113,0.480720804144476,1.7776665744545,2.56622625749439e-05,9.70089925909966e-05,4.1261474816856e-05,4538,"tags=48%, list=27%, signal=35%","2534/109/113/5294/3717/54331/111/9132/196883/115/59345/814/5293/5579/146850/2775/775/5290/5578/55970/23533/5330/3760/5295/2767/2793/2791/56479/2771/10681/9586/818/815/596/1139/89832/3708/64764/8973/5594/773/3786/60482/1385/2784/1129/1143/1137/10000/2353/43/3759/817/108"
"hsa04662","hsa04662","B cell receptor signaling pathway",82,0.510157887791072,1.83086319556549,2.84899811551057e-05,0.000106527755623439,4.53101530956486e-05,3029,"tags=41%, list=18%, signal=34%","5336/25780/11024/4773/3635/10288/10859/5293/84433/695/5579/2213/11027/933/5290/5880/4790/10990/6654/7409/5295/11006/6850/79168/27071/10451/11025/4067/974/8519/6655/971/353514/5594"
"hsa00970","hsa00970","Aminoacyl-tRNA biosynthesis",24,-0.634216324156004,-2.41285693880461,3.14364896966008e-05,0.00011628120920033,4.94586538520375e-05,3339,"tags=58%, list=20%, signal=47%","79731/10667/57505/123263/25973/57176/51067/10352/124454/118672/10056/54938/2193/79587"
"hsa00020","hsa00020","Citrate cycle (TCA cycle)",29,-0.556236289719271,-2.2012322402571,3.93354225895307e-05,0.000143950908199985,6.12275894730657e-05,2117,"tags=38%, list=13%, signal=33%","5091/3418/4190/5160/5162/8802/3420/6390/4191/2271/3421"
"hsa01232","hsa01232","Nucleotide metabolism",71,-0.401000615862005,-1.93660054970232,4.44316106572123e-05,0.000159217779326456,6.7721148489527e-05,3206,"tags=46%, list=19%, signal=38%","8623/79077/131870/10201/56474/2766/7083/3251/132/5169/1854/51020/51727/54963/2987/7371/83549/56953/654364/204/3614/124583/158/3615/353/3704/4831/1841/4832/4833/1716/4830/955"
"hsa04750","hsa04750","Inflammatory mediator regulation of TRP channels",92,0.486951431087561,1.7633995567451,4.44328686492436e-05,0.000159217779326456,6.7721148489527e-05,3216,"tags=37%, list=19%, signal=30%","5336/109/113/51393/111/196883/115/3356/5732/5293/1432/5579/4803/3269/5290/5578/624/162514/5330/3357/5321/5295/5581/5588/818/815/3708/3553/8989/3556/4914/5734/5029/5335"
"hsa05320","hsa05320","Autoimmune thyroid disease",43,0.580877988556614,1.90550827593144,4.6765513530581e-05,0.000165848831489896,7.0541577653291e-05,4582,"tags=58%, list=28%, signal=42%","3113/3111/3133/942/3586/3122/959/5551/958/3115/3117/3123/941/3119/3118/940/3127/3120/3112/3108/356/3134/7253/355/1493"
"hsa04935","hsa04935","Growth hormone synthesis, secretion and action",118,0.457145161609125,1.69896075313531,5.07320441892977e-05,0.000178079828582841,7.57438683384789e-05,3029,"tags=34%, list=18%, signal=28%","5336/109/113/3717/111/196883/115/6777/5293/1432/5579/399694/775/5290/5578/6752/5330/3486/6654/5295/6776/2767/1387/6774/2771/9586/1386/3708/9021/4214/6655/53358/1399/6464/6772/3667/64764/2033/1398/5594"
"hsa04620","hsa04620","Toll-like receptor signaling pathway",98,0.476949645460348,1.73051546873621,5.87466241898029e-05,0.000204129684053456,8.68238252246954e-05,5219,"tags=53%, list=31%, signal=37%","3716/1513/7096/7097/5293/10333/1432/7098/51311/1326/942/51284/7189/7099/5290/4790/958/5295/929/3455/7187/23643/6885/941/3553/6351/3569/6772/3663/5594/6352/23118/54106/7124/51135/3592/6348/10000/3593/2353/4615/4283/7100/414062/6773/9641/4792/5599/29110/9560/3929/6696"
"hsa05224","hsa05224","Breast cancer",147,0.431374368448108,1.63172748870896,8.74400824479248e-05,0.000300793883620861,0.000127938646950122,5514,"tags=51%, list=33%, signal=34%","2324/4854/4855/54567/5241/26508/2247/3815/8324/5293/2260/83439/399694/2255/5290/2252/4851/2099/7482/6654/1956/5295/1499/2535/8817/8321/23462/675/2246/7484/8202/324/7472/1647/7483/4040/6655/4853/53358/6464/11211/51384/2100/5594/8600/3714/2254/8313/28514/8323/51426/5925/6667/51176/6932/6934/10000/8648/2353/7471/7473/182/54361/5728/7474/3479/7475/80326/1857/1026/4041/3845/5595/89780/388585"
"hsa04928","hsa04928","Parathyroid hormone synthesis, secretion and action",114,0.455616580251,1.6871224232073,0.000103557919260255,0.000352712121044829,0.00015002137339422,5548,"tags=57%, list=33%, signal=38%","109/4208/4323/113/4325/4205/111/196883/115/5143/2260/5579/5578/10672/5337/5330/1956/5744/11214/5141/2767/65125/2771/9826/5745/9586/4209/596/1386/860/3708/4040/6446/64764/5594/8600/2625/9935/1958/387/5144/4326/6667/7421/6258/1385/1591/409/10568/2353/6256/108/9943/2776/5142/4929/1026/1839/65267/23236/4041/5566/5595/2768/4322"
"hsa00900","hsa00900","Terpenoid backbone biosynthesis",22,-0.61400412087608,-2.28470065649694,0.000126994661660039,0.000428295721676994,0.000182169844899334,4224,"tags=68%, list=25%, signal=51%","3156/57107/10269/3422/38/2342/2224/4597/10654/9986/39/23590/4598/9453/91734"
"hsa04625","hsa04625","C-type lectin receptor signaling pathway",104,0.462160443192576,1.68929562070193,0.000139316522786318,0.000465290134354304,0.00019790492250688,5890,"tags=57%, list=35%, signal=37%","5336/8844/114548/4773/22808/64581/5293/1432/30835/834/5290/1540/3586/4790/2207/5295/5781/1263/6850/64170/4046/4776/1959/6367/3708/26253/3553/3569/93978/6772/338339/5594/9020/23365/1960/387/5058/4772/7124/5743/3592/10000/6361/3593/868/6773/9641/4792/5532/5599/801/3845/5595/29108/53342/8503/5534/3659/9261"
"hsa00510","hsa00510","N-Glycan biosynthesis",53,-0.427326891738327,-2.01150940012442,0.000156907104724149,0.000519000423318338,0.000220749874055229,2899,"tags=51%, list=17%, signal=42%","11282/79644/6185/8704/1603/22845/11253/3703/79087/58505/207063/200185/1650/79796/29880/8703/1798/56052/54344/7841/6184/57171/10195/29929/8818/79053/199857"
"hsa05323","hsa05323","Rheumatoid arthritis",89,0.473114240609916,1.70649938560165,0.000167979905272245,0.000550334165844307,0.000234077261482126,5149,"tags=57%, list=31%, signal=40%","7010/1435/7040/1513/2321/7097/3689/3113/3111/942/284/6387/7099/10673/3122/3683/3115/3600/7042/3606/3117/3123/941/7043/3553/3119/3569/3118/940/3127/8600/3120/3112/6352/3383/6347/7124/3108/534/6372/6348/2919/2353/245972/414062/1493/6374/2920/4314/3552/4050"
"hsa05133","hsa05133","Pertussis",74,0.49196375927237,1.74314617273941,0.000178268299442983,0.000578531084984774,0.000246070443123879,5161,"tags=55%, list=31%, signal=38%","114548/716/3684/3689/715/1432/3688/710/714/7189/7099/834/3586/4790/718/3678/1073/3394/929/713/2771/712/23643/3553/3569/5594/722/387/7124/51135/3592/10392/6372/3593/2353/4615/6374/5599/3552/4843/801"
"hsa05135","hsa05135","Yersinia infection",132,0.426777756067173,1.60032045765151,0.000181142292100138,0.000582364004508853,0.000247700724072003,4406,"tags=45%, list=27%, signal=34%","7456/9844/3937/3676/2212/2335/114548/4773/920/5293/9815/644150/1432/3688/9475/7189/7099/834/5290/3586/5880/4790/7409/3678/1793/5295/7454/4210/6093/10451/3606/8395/925/10109/6885/58484/3553/3569/1399/1398/5594/10097/5586/5335/147179/23365/23396/23118/387/7535/4772/6347/7124/60/51135/3984/10095/10000/2353/4615"
"hsa04390","hsa04390","Hippo signaling pathway",150,0.424667790350243,1.60731695733086,0.000182914447601712,0.000582616388657303,0.000247808072286919,5109,"tags=50%, list=31%, signal=35%","7048/7040/2736/25937/7003/8324/3689/83439/652/4088/122786/151449/894/1742/10413/7482/4092/7046/4086/659/1499/26524/5054/5521/6591/2535/9113/3996/7042/8321/330/85407/2246/7484/7533/650/324/7472/85409/154796/7043/7483/11211/51384/5516/392255/7005/8313/8323/29119/23291/7529/1495/3397/60/51176/6932/656/8463/374/23418/6934/1739/7471/7473/655/54361/653/657/7474/9231/7475/3398/80326/1857"
"hsa04666","hsa04666","Fc gamma R-mediated phagocytosis",92,0.467231123133544,1.69198631081352,0.000191537344681397,0.000604484830921107,0.000257109521107815,3439,"tags=42%, list=21%, signal=34%","50807/5336/9846/2212/3635/5788/273/3055/5293/5579/2213/2934/5290/5578/5337/2214/5880/7409/5321/1793/1073/5295/7454/5581/653361/6850/10451/4067/8395/10109/2209/1399/1398/5594/10097/5335/2215/23396/5058"
"hsa04550","hsa04550","Signaling pathways regulating pluripotency of stem cells",139,0.424060654136868,1.59844982692004,0.000199020745114925,0.000622392148359402,0.00026472615857392,5402,"tags=47%, list=33%, signal=32%","3716/3717/3624/2247/8324/5293/2260/1432/652/4088/7044/90/5290/3572/3718/7482/4211/6498/5295/4086/659/1499/2535/6774/3670/3400/55183/8321/84333/4093/3399/7484/5978/324/7472/3976/7483/11211/51384/5594/2263/8313/8323/3397/6932/10637/130399/4090/10000/7471/7473/54361/56916/657/7474/3479/648/7475/3398/80326/9314/1857/4838/3845/5595"
"hsa05167","hsa05167","Kaposi sarcoma-associated herpesvirus infection",183,0.407825994078801,1.56385340088393,0.000201403899556816,0.000624170643671575,0.000265482617718326,5434,"tags=46%, list=33%, signal=32%","5336/3716/5294/3717/54331/4773/2247/59345/3055/5155/5293/1230/83439/1432/7098/146850/131450/3133/942/5290/3572/55970/23533/4277/1233/4790/57580/1234/718/5295/9976/1499/2793/1827/2791/6850/1387/6774/10681/285/4776/3455/1237/7187/4067/3708/3569/6772/2033/5594/5335/643246/5925/3383/4772/5743/81631/1385/2784/3091/51176/6932/3134/1232/6934/10000/355/2919/2353/6773/9641/7132/7538/4792/5532/2920/5599/3105/29110/801/1026/2921/3845/5595/5610"
"hsa04921","hsa04921","Oxytocin signaling pathway",150,0.422495328690434,1.59909444895065,0.000220195911760402,0.000676316014692663,0.000287661952393758,3101,"tags=31%, list=19%, signal=25%","109/4208/113/5294/111/4773/4881/57118/196883/115/2977/814/4659/5579/4660/9475/146850/4882/2775/4846/57172/775/5578/23533/5330/4638/3762/3760/5321/1956/6093/1827/781/2771/93589/55799/4776/818/815/3708/5598/5565/6261/5594/6263/782"
"hsa05226","hsa05226","Gastric cancer",149,0.414753481532635,1.57116098423882,0.000229045968165263,0.000697272681848234,0.000296575589892609,4541,"tags=40%, list=27%, signal=30%","7048/7040/5243/2247/8324/3082/5293/1030/83439/5915/4088/399694/2255/4233/5290/2252/7482/6654/2549/1956/5295/7046/1499/2535/8817/7042/8321/2246/596/7484/324/7472/7043/1647/7483/4040/6655/53358/6464/11211/51384/1015/5594/2263/2254/8313/8323/51426/29119/5925/6258/1495/51176/6932/6934/10000/6256/7471/7473/54361"
"hsa04723","hsa04723","Retrograde endocannabinoid signaling",138,-0.295696380749553,-1.61345634409154,0.000259490174182955,0.000783022981745059,0.000333048330668798,1505,"tags=27%, list=9%, signal=25%","374291/4723/4700/4698/4714/2787/4708/4731/4704/4710/4711/55967/4728/126328/51079/4725/4696/4709/4726/4718/4715/4712/4713/4717/4722/54539/4706/2783/4695/4694/4707/4705/4702/2166/4701/4716/4729"
"hsa05163","hsa05163","Human cytomegalovirus infection",214,0.385247891543031,1.49123094390818,0.000361693827660373,0.00108193631926233,0.000460187112538141,3986,"tags=36%, list=24%, signal=27%","109/3716/3690/113/5156/54331/111/4773/196883/115/3587/59345/5732/5293/1230/1432/5579/9475/3133/2775/6387/6376/5290/5578/55970/10672/5880/7852/4790/5330/6654/1234/1956/5295/11214/1499/2767/3570/6093/2793/2791/6774/2771/10681/5733/9826/4776/7188/9586/1386/3708/3685/3553/6351/6655/3569/1399/64764/1398/5594/3579/5734/23365/6352/387/5925/6667/4772/6347/7124/5743/1385/2784/6891/356/3134"
"hsa05222","hsa05222","Small cell lung cancer",92,0.458979770558203,1.66210564809238,0.000365597251589043,0.0010841849529882,0.000461143538755689,4556,"tags=46%, list=27%, signal=33%","1282/3908/1284/3910/2335/1286/5293/1030/3912/3688/5915/7189/5290/4790/5295/1285/3673/10319/7188/1288/330/7187/596/3915/7185/3675/3685/1647/1287/6502/317/51426/5925/6258/5743/3913/3909/3914/10000/6256/3655/5728"
"hsa00563","hsa00563","Glycosylphosphatidylinositol (GPI)-anchor biosynthesis",29,-0.504732751849549,-1.99741373696716,0.000373039331230888,0.00109679940122586,0.000466508925246005,3224,"tags=52%, list=19%, signal=42%","9488/54965/284098/93183/93210/5281/5283/27315/55650/9091/8733/51227/84992/8818/128869"
"hsa05217","hsa05217","Basal cell carcinoma",63,0.498276274613973,1.73240699351507,0.000393059154098539,0.00114586736449066,0.00048737932577785,5196,"tags=57%, list=31%, signal=39%","2736/2735/8643/8324/83439/652/2737/7482/1499/2535/64399/5727/8321/7484/650/324/7472/1647/7483/11211/51384/374654/8313/8323/51426/51176/6932/6934/7471/7473/54361/7474/7475/80326/1857/1026"
"hsa04660","hsa04660","T cell receptor signaling pathway",118,0.434886787216931,1.6162384415006,0.000402483899419429,0.00116348286890995,0.0004948718444874,5738,"tags=56%, list=35%, signal=37%","2534/3937/4773/5788/920/5063/5293/84433/1432/1326/3702/5290/917/3586/4790/9402/6654/7409/959/5295/5781/5521/10125/5588/10451/919/925/5529/6885/916/6655/940/29851/5594/5516/9020/5335/387/5058/7535/5527/4772/7124/5133/5523/915/10000/1739/4690/2353/868/1493/3932/4792/5532/5599/5170/8440/27040/3845/5595/5526/5062/8503/5525/5534"
"hsa04392","hsa04392","Hippo signaling pathway - multiple species",25,0.617110412380938,1.80163552116423,0.000418511313533777,0.00119973243213016,0.00051029011036136,1825,"tags=44%, list=11%, signal=39%","79633/25937/9770/7003/8642/122786/54798/10413/26524/83937/9113"
"hsa04916","hsa04916","Melanogenesis",101,0.444743152456314,1.61986378244883,0.000430192446758163,0.00122302646020503,0.000520197913000301,5512,"tags=53%, list=33%, signal=36%","109/113/4286/111/196883/115/3815/8324/83439/5579/2775/1910/5578/4254/5330/7482/1499/2535/1387/2771/8321/818/815/7484/7472/7483/11211/64764/2033/51384/5594/8323/1385/51176/1906/6932/6934/1638/7471/7473/817/108/54361/7474/2776/7475/80326/1857/801/23236/3845/5566/5595/89780"
"hsa00785","hsa00785","Lipoic acid metabolism",18,-0.615709719119799,-2.18705077530315,0.000464222704684639,0.00130895582304521,0.000556746815799524,3743,"tags=56%, list=23%, signal=43%","2653/2731/11019/55526/116285/593/51601/5160/5162/387787"
"hsa01250","hsa01250","Biosynthesis of nucleotide sugars",35,-0.470362716945062,-1.99747976464972,0.000501451811349453,0.00140243433418059,0.000596506647647189,3011,"tags=46%, list=18%, signal=38%","10020/55907/2585/55586/29925/5372/2821/2582/2762/6675/54187/64841/29926/2592/5373/4351"
"hsa00280","hsa00280","Valine, leucine and isoleucine degradation",47,-0.426503172772109,-1.96650003000806,0.000559732309419052,0.00154038331552123,0.000655181397972617,3788,"tags=45%, list=23%, signal=35%","64087/3033/26275/38/549/18/197322/3030/593/5095/501/65985/3712/5096/39/30/3155/84693/1892/587/3028"
"hsa04070","hsa04070","Phosphatidylinositol signaling system",94,0.45093460860371,1.6381137795144,0.000558437208708981,0.00154038331552123,0.000655181397972617,6025,"tags=54%, list=36%, signal=35%","5336/51196/3635/3631/5293/5579/8867/5290/5578/5330/5305/22876/5295/113026/4534/9162/5287/3633/160851/1608/8760/8526/8395/55613/3708/253430/5286/117283/5288/5335/23396/3628/55361/9107/1607/5728/5297/8396/8776/200576/801/23236/5333/8394/3706/8503/84812/22908/1606/8871/5289"
"hsa01210","hsa01210","2-Oxocarboxylic acid metabolism",30,-0.488767483199959,-1.98281579602167,0.000571199033037582,0.00155393372560972,0.000660944883291771,3160,"tags=47%, list=19%, signal=38%","3417/50/55526/2806/593/3418/84706/5160/5162/3420/2805/3421/587/95"
"hsa05161","hsa05161","Hepatitis B",152,0.409114936248935,1.55219290305851,0.000575930704339772,0.00155393372560972,0.000660944883291771,4588,"tags=41%, list=28%, signal=30%","7048/3716/7040/3339/3717/4773/6777/7097/5293/1432/5579/7098/4088/7189/7099/5290/5578/3718/4790/6654/5295/7046/6776/1387/100506742/6774/4776/9586/7042/843/7187/596/6775/1959/8900/6885/1386/7043/1654/4214/6655/3569/6772/64764/2033/5594/317/1960/23118/5925/4772/7124/7529/1385/356/51135/10000/355/2353/4615/6773/9641"
"hsa05166","hsa05166","Human T-cell leukemia virus 1 infection",220,0.38443604035553,1.48993201413621,0.00057820789790129,0.00155393372560972,0.000660944883291771,4763,"tags=42%, list=29%, signal=31%","7048/2113/109/3716/7040/113/7094/4215/64784/111/4773/196883/115/920/6777/5293/1030/3689/3113/3111/4088/3133/5290/3718/6688/917/894/3122/4790/3683/3560/3559/958/5295/7046/6776/2114/1387/3115/3600/4776/9586/7042/7850/3117/1959/3601/3123/8900/1386/7043/8829/916/996/4214/3119/3569/64764/3118/2033/3127/5594/9020/472/1958/3120/3112/4801/5925/3383/4772/7124/3108/1385/3561/6722/3134/4049/915/10000/1739/115650/2353/64682/108/5728/567/7132/8295/3932/7538/4792/5532"
"hsa04664","hsa04664","Fc epsilon RI signaling pathway",65,0.496788455832345,1.73337036037921,0.000609525599518284,0.00162540159871543,0.000691342785255337,2198,"tags=34%, list=13%, signal=29%","5336/2534/9846/3937/3635/5293/695/1432/241/5290/5578/2206/5880/6654/2207/7409/5321/2205/5295/6850/10451/4067"
"hsa03273","hsa03273","Virion - Lassa virus and SFTS virus",17,0.686305686972291,1.85338373778238,0.000634532154059495,0.00167906969997282,0.000714169792828096,2710,"tags=59%, list=16%, signal=49%","8828/4627/30835/5101/5099/27328/4629/83259/7037/4628"
"hsa04371","hsa04371","Apelin signaling pathway",135,0.417853691439723,1.57191017912268,0.000888591681897397,0.0023334010578069,0.00099248086608066,5402,"tags=47%, list=33%, signal=32%","109/4854/4208/113/5294/54331/6546/4205/111/187/196883/115/22808/59345/814/146850/4088/4846/55970/23533/10672/5330/4638/7046/5054/5581/2793/2791/2771/10681/4209/59/3708/10365/5565/6261/4842/3991/5594/6263/1958/643246/6547/6543/10891/81631/2784/340156/6548/9759/10000/182/108/4634/8877/2776/4843/801/6696/23236/3845/53632/5566/5595"
"hsa04971","hsa04971","Gastric acid secretion",76,0.467117982441704,1.66348032218348,0.000944492787665135,0.00246140544664247,0.00104692581726837,5398,"tags=46%, list=33%, signal=31%","109/3274/113/111/196883/115/482/5579/3776/5578/6752/5330/4638/2771/818/760/815/3772/481/477/3708/340156/60/389015/478/6548/3759/480/817/108/1080/2776/801/23236/5566"
"hsa04940","hsa04940","Type I diabetes mellitus",42,0.530040584871139,1.72634956638209,0.00101924819316003,0.00261657745109739,0.00111292614964057,4357,"tags=60%, list=26%, signal=44%","3113/3111/3133/942/3122/5551/3115/3117/3123/941/3553/3119/3118/940/3127/3120/3112/7124/3108/356/3134/3592/4049/3593/355"
"hsa04923","hsa04923","Regulation of lipolysis in adipocytes",55,0.498239341693963,1.69219006524066,0.00101466133962766,0.00261657745109739,0.00111292614964057,4832,"tags=49%, list=29%, signal=35%","109/5592/113/111/4881/196883/115/5293/4886/5290/5742/5295/2771/5733/134/3991/3667/155/5743/2167/7253/10000/11343/108/5593/3643/364"
"hsa04261","hsa04261","Adrenergic signaling in cardiomyocytes",153,0.396561454616231,1.50487095025422,0.00104355449153416,0.00265913144509444,0.00113102592064911,6231,"tags=54%, list=38%, signal=34%","109/6330/113/5294/6332/6546/111/196883/115/482/493/6331/1432/148/146850/5350/775/3776/5578/23533/488/5330/5521/147/781/2771/93589/55799/9586/818/7171/815/9252/596/481/477/5529/1386/64091/64764/5594/5516/782/7168/70/146/6547/5527/6543/1385/11149/11069/478/5523/6548/10000/480/817/108/7169/4634/2776/490/4624/801/23236/5566/5595/5526/7134/7170/5525/491/5502/783/785/59285/114/778/3753/23439/4635/5522"
"hsa05340","hsa05340","Primary immunodeficiency",36,0.545260944406323,1.70918393151385,0.00109476750302654,0.00276911780177301,0.00117780714334899,4777,"tags=64%, list=29%, signal=46%","5788/920/4261/695/3575/3718/100/959/958/5896/925/916/29851/7535/5993/3561/6891/326/915/23495/115650/3932/973"
"hsa04727","hsa04727","GABAergic synapse",88,0.446078402879026,1.60809393487957,0.00134279255314359,0.00337168349110507,0.00143410038330356,4861,"tags=41%, list=29%, signal=29%","109/113/54331/111/196883/115/59345/6529/5579/2775/775/5578/55970/2744/2561/5334/2793/2791/2771/10681/92745/54407/66008/2564/773/10991/2784/55879/2570/2556/2568/2752/108/81539/2563/9001"
"hsa04340","hsa04340","Hedgehog signaling pathway",52,0.49735839210468,1.68495964046031,0.00140403225801443,0.00349990649823887,0.00148863832085435,5661,"tags=52%, list=34%, signal=34%","2736/2735/8643/132884/2737/50846/894/91653/23432/64399/5727/57154/596/2619/2121/374654/8454/23291/409/84976/11127/339745/64750/57758/5566/53944/4036"
"hsa05164","hsa05164","Influenza A",158,0.396139438303717,1.5040156932623,0.00149633780911125,0.00370316695204511,0.00157509243064342,4733,"tags=42%, list=29%, signal=31%","3716/90865/3717/114548/5293/4261/3113/3111/5579/7098/6041/51284/7099/834/5290/5578/3122/4790/5295/1387/3115/91543/3455/3606/7187/3117/4599/3123/23633/9021/103/3553/4600/3841/3119/3569/6772/3118/2033/8797/3127/5594/4940/10241/3120/3112/317/7177/6352/3383/6347/7124/3108/60/356/51135/3592/64499/5371/10000/3593/355/4615/6773/9641/7132/4792"
"hsa05162","hsa05162","Measles",127,0.411212439499912,1.53987660748537,0.00151177989176462,0.00371465916262163,0.00157998048838558,4588,"tags=41%, list=28%, signal=30%","4478/3716/6777/7097/5293/2213/51209/30835/7128/51284/7189/7099/5290/3718/917/894/4790/3560/3559/5295/6776/6774/6504/3455/7187/596/4599/6885/103/3553/4600/916/3569/6772/940/4940/317/23118/54106/3561/356/51135/3592/915/10000/3593/355/2353/4615/868/6773/9641"
"hsa04924","hsa04924","Renin secretion",67,0.456809960553415,1.6067249092373,0.0018185439555366,0.00443673135251483,0.00188710421664492,5738,"tags=52%, list=35%, signal=34%","358/1909/111/4881/5153/2977/5732/5137/775/3778/5139/5330/1508/2771/117/134/116/3708/5734/155/1385/1906/1636/5136/3759/9635/5593/5532/2776/801/23236/5566/1908/22802/5534"
"hsa05143","hsa05143","African trypanosomiasis",36,0.532844853026385,1.67026424710127,0.00194020990975955,0.00470022682364286,0.00199917848374038,5264,"tags=64%, list=32%, signal=44%","3910/7412/5579/5578/3586/5330/3606/8542/3553/6401/3569/54106/3383/7124/356/3592/3593/355/4615/3043/2776/3620/23236"
"hsa01230","hsa01230","Biosynthesis of amino acids",68,-0.338618470278334,-1.6633961752216,0.00197954079960074,0.00476197227316543,0.00202544108313952,3998,"tags=47%, list=24%, signal=36%","5232/3417/50/5211/5313/226/29920/29968/1491/5723/2806/2023/875/6472/5091/3418/440/7167/84706/2597/22934/435/3420/5832/7086/113675/2805/5831/3421/587/6888/95"
"hsa05211","hsa05211","Renal cell carcinoma",65,0.476104674881488,1.66120150778234,0.00199452301973492,0.00476469388047786,0.002026598682333,4102,"tags=49%, list=25%, signal=37%","2113/2034/7040/2889/5063/5155/3082/5293/405/4233/5290/7030/6654/2549/5295/5781/1387/7042/5906/7043/6655/1399/2033/112399/1398/5594/7039/5058/3091/5908/54583/201163"
"hsa05221","hsa05221","Acute myeloid leukemia",66,0.472989238249438,1.65603132698209,0.00203502060470326,0.00482791095184775,0.00205348721636119,3029,"tags=39%, list=18%, signal=32%","862/1436/3684/6777/3815/5293/83439/1848/5290/6688/4790/6654/2322/5295/929/6776/861/5914/6774/8900/4353/2209/6655/597/8864/5594"
"hsa05207","hsa05207","Chemical carcinogenesis - receptor activation",195,0.379031811733547,1.4590166165741,0.00212006237545354,0.00499521545997274,0.00212464794656123,4588,"tags=37%, list=28%, signal=27%","109/113/54567/5241/3717/196/111/196883/115/6777/2247/5293/5579/405/2255/775/5290/2252/5578/2099/3839/4790/6654/1956/5295/6776/85315/6774/2771/54852/253152/8817/9586/596/1139/89832/1386/2949/23633/3841/6655/4853/64764/2100/5594/8600/155/2254/28514/604/5925/367/773/7421/6258/1385/79852/409/1143/3840/2946/1137/10000/2948/2353/2947/6256/688/7471/182/108/9641"
"hsa04726","hsa04726","Serotonergic synapse",111,0.408935473043818,1.50978496533623,0.00221135621204471,0.00517487440097537,0.00220106346920311,5402,"tags=40%, list=33%, signal=27%","54331/7220/111/3356/59345/3363/5579/2775/775/5578/55970/5742/5330/3762/3760/3355/3357/5321/2561/2793/2791/2771/10681/6571/3708/3351/4129/5594/773/3354/5743/2784/1843/3352/3360/240/2776/7166/3751/3358/23236/3845/5566/5595"
"hsa05220","hsa05220","Chronic myeloid leukemia",76,0.451295114376406,1.60713260992127,0.00229723412319207,0.0053395171512032,0.00227109205635632,3525,"tags=38%, list=21%, signal=30%","7048/9846/7040/6777/5293/4088/399694/2122/867/5290/4790/6654/5295/7046/6776/861/5781/7042/7043/1647/6655/53358/1399/6464/1398/5594/25/51426/5925"
"hsa05235","hsa05235","PD-L1 expression and PD-1 checkpoint pathway in cancer",88,0.434777632814037,1.56735513272352,0.00234426065461354,0.00541225278649031,0.00230202918397232,4763,"tags=47%, list=29%, signal=33%","3716/4215/3717/4773/920/7097/5293/29126/1432/7189/7099/5290/917/4790/1956/5295/5781/10125/5588/6774/919/116071/916/6772/940/5594/5335/7535/54106/4772/3091/5133/55509/915/10000/2353/4615/5728/3932/4792/5532"
"hsa05168","hsa05168","Herpes simplex virus 1 infection",157,0.390946663658688,1.48450482255651,0.0026264803159296,0.00602339485786521,0.0025619702730822,4733,"tags=45%, list=29%, signal=33%","3716/3690/3717/7097/5293/3113/3111/7098/6041/3133/29915/7189/5290/3122/4790/972/718/3678/8740/5295/5781/6850/64170/3115/7188/3455/330/7187/3117/596/684/3123/6885/9021/3553/5199/3119/3569/6772/3118/5452/3127/4940/3120/3112/317/6352/23118/29992/54106/6672/6347/7124/3108/6891/356/3134/51135/3592/4049/5371/10000/3593/355/4615/6773/567/9641/56829/7132/4792"
"hsa04912","hsa04912","GnRH signaling pathway",92,0.423984457398255,1.5353769524264,0.00300763617405701,0.00685183340314974,0.00291433550501167,2622,"tags=27%, list=16%, signal=23%","109/4313/4323/113/4215/111/196883/115/1432/5579/775/5578/5337/5330/6654/5321/1956/2767/818/815/10746/3708/5598/4214/6655"
"hsa04146","hsa04146","Peroxisome",82,-0.320762047386216,-1.62417376781218,0.00322971993746309,0.00730936617425857,0.00310894093703164,3239,"tags=39%, list=20%, signal=32%","8310/8799/26061/4358/2053/5826/2181/23600/10901/8443/3418/11001/10478/5052/84769/10654/11264/5192/196743/5191/390916/9409/30/5190/26063/6647/4598/3155/25824/92960/1891/10005"
"hsa04970","hsa04970","Salivary secretion",88,0.427969817444302,1.5428132438197,0.00328982572648557,0.00739673235235971,0.00314610096994492,5398,"tags=40%, list=33%, signal=27%","109/5592/683/113/111/196883/115/482/2977/493/5579/148/3778/5578/5330/147/4069/481/477/3708/4842/6263/155/146/478/6548/480/108/5593/2776/490/801/23236/1755/5566"
"hsa05418","hsa05418","Fluid shear stress and atherosclerosis",136,0.392058813669714,1.47738276617094,0.00377560685665804,0.00843382310837901,0.00358721362320894,4757,"tags=42%, list=29%, signal=30%","1003/3791/4208/4313/9181/3690/7412/7056/4205/858/5155/5293/5175/1432/652/857/90/4846/4688/5290/5880/4790/5295/659/1499/653361/4780/7850/3162/596/6885/2949/10365/3685/3553/6383/5598/1535/6401/387/3383/6347/7124/60/1906/2950/59341/1843/2946/10000/2948/2353/2947/7132/657/859/4217"
"hsa04068","hsa04068","FoxO signaling pathway",127,0.3960780176843,1.4832023926926,0.00441703195543872,0.00980296124303819,0.00416955817864844,5843,"tags=52%, list=35%, signal=34%","7048/1901/7040/5293/1030/3575/1432/2308/116986/4088/5290/894/3586/6789/6654/1956/5295/7046/1263/5896/1387/6774/7042/10769/10365/7043/1647/5565/6655/8698/3569/6446/3667/2033/5594/472/6502/604/2911/4303/6517/356/5934/847/10000/23678/9140/5728/23411/10018/9456/3643/3479/5599/5170/114907/1026/6648/3845/53632/5595/8503/80854/2309/51422/8471"
"hsa00130","hsa00130","Ubiquinone and other terpenoid-quinone biosynthesis",12,-0.65516770945442,-2.05008146141225,0.00453941126741674,0.0100099838204574,0.0042576124572937,2367,"tags=67%, list=14%, signal=57%","1728/27235/79001/51004/51805/84274/10229/51117"
"hsa04917","hsa04917","Prolactin signaling pathway",70,0.439512827615446,1.55735222711386,0.00511549002694101,0.0112084622246351,0.00476736918367282,3074,"tags=34%, list=19%, signal=28%","3717/6777/5293/1432/399694/5290/894/2099/4790/6654/9655/5295/6776/6774/9021/6655/53358/6464/6772/2100/9306/2645/5594/8600"
"hsa04925","hsa04925","Aldosterone synthesis and secretion",97,0.417752611132202,1.51639361679751,0.00564389453014983,0.0122879729010857,0.00522652458155114,2824,"tags=31%, list=17%, signal=26%","109/113/111/4881/57118/196883/115/5138/482/814/493/5579/23683/57172/775/5578/5330/3762/2767/5581/9586/818/815/481/477/1386/3708/3991/8912/64764"
"hsa04066","hsa04066","HIF-1 signaling pathway",106,0.406015775667837,1.4882111428665,0.00581289072677953,0.0125763170441016,0.005349167898195,4336,"tags=42%, list=26%, signal=31%","5336/7010/2034/2321/1536/5293/5209/5579/405/284/7099/4846/5290/5578/4790/1956/51378/5295/5054/3570/1387/6774/285/818/3162/815/596/7037/3101/3569/2033/2026/112399/5594/7076/5335/5214/3091/1906/54583/5213/3945/10000/160287"
"hsa00983","hsa00983","Drug metabolism - other enzymes",77,-0.308865302806298,-1.55839147501762,0.0063332305845701,0.0136164457568257,0.00579157270562661,3016,"tags=29%, list=18%, signal=23%","10201/7083/9446/7363/3251/7372/1854/51727/54963/7172/7371/83549/2990/654364/3614/3615/3704/4831/4832/4833/4830/4258"
"hsa05225","hsa05225","Hepatocellular carcinoma",166,0.366112434905975,1.39038238910817,0.00640514190803668,0.013685520598538,0.00582095276376004,4556,"tags=39%, list=27%, signal=29%","7048/5336/7040/8324/3082/5293/83439/5579/4088/399694/3481/4233/5290/5578/7482/6654/2549/1956/5295/7046/1499/2535/8110/4780/7042/8321/3162/7484/57492/324/7472/2949/7043/1647/6595/7483/4040/6655/53358/6464/11211/51384/6604/5594/5335/8313/7039/8323/51426/5925/60/51176/7296/2950/6932/55193/6934/2946/10000/2948/2947/7471/7473/54361/5728"
"hsa05017","hsa05017","Spinocerebellar ataxia",134,-0.264107633823957,-1.47225599598693,0.00653469686972251,0.0138761464394108,0.00590203291027569,3076,"tags=34%, list=19%, signal=28%","5713/7416/2902/10939/207/10213/55062/5701/292/54205/7494/6712/7186/5690/5709/10524/5702/5704/5688/115209/5682/9861/7417/5706/10528/26100/5714/5687/5683/5686/5700/5710/10105/11047/5705/5694/5692/5684/5715/5685/5691/5693/5695/293/5689/5719"
"hsa00520","hsa00520","Amino sugar and nucleotide sugar metabolism",37,-0.394543696628989,-1.70746759836563,0.006718088582837,0.0141095347927466,0.00600130151833468,2033,"tags=30%, list=12%, signal=26%","51005/29925/5372/2821/2582/6675/64841/29926/2592/5373/4351"
"hsa04612","hsa04612","Antigen processing and presentation",70,0.432010699549372,1.53076948568357,0.0067266386802629,0.0141095347927466,0.00600130151833468,3986,"tags=40%, list=24%, signal=31%","920/4261/3113/3111/1520/3133/3122/972/1508/3824/3115/3117/3306/925/3123/3119/3118/3127/3120/3112/4801/5993/7124/3108/3821/1385/6891/3134"
"hsa00562","hsa00562","Inositol phosphate metabolism",78,0.42732197004271,1.53215218546076,0.00745157033716938,0.0155353951271895,0.00660777210122197,6025,"tags=53%, list=36%, signal=34%","5336/51196/5294/3635/3631/5293/8867/5290/5330/5305/22876/113026/4534/5287/3633/8395/55613/253430/5286/117283/5288/5335/23396/3628/55361/9107/5728/5297/8396/51477/8776/200576/23236/5333/8394/23007/3706/84812/22908/8871/5289"
"hsa01212","hsa01212","Fatty acid metabolism",52,-0.357927888378264,-1.68267588979294,0.00752133691057322,0.0155863849231156,0.00662945992751856,3763,"tags=46%, list=23%, signal=36%","3033/6342/60481/38/8310/197322/3030/37/2181/84869/31/9524/79993/6319/7923/2194/1375/1376/51102/39/30/1892/54995/27349"
"hsa04934","hsa04934","Cushing syndrome",153,0.369237454884263,1.40118186760955,0.00770943806319769,0.0158805191241917,0.00675456596775594,5402,"tags=44%, list=33%, signal=30%","109/113/196/111/196883/115/8324/1030/83439/405/775/3776/5087/5330/7482/1956/1499/2767/2535/2771/9586/8321/818/815/7484/324/1386/7472/3708/5906/5151/7483/5929/11211/8912/64764/51384/5594/8313/8323/5925/6667/1385/5908/9101/51176/6932/8911/6934/7471/7473/817/1583/108/54361/8622/7474/2776/1395/7475/80326/1857/1394/1026/23236/3777/5566/5595"
"hsa05100","hsa05100","Bacterial invasion of epithelial cells",68,0.437121737938737,1.53735449574699,0.00795779379912307,0.0161981128218836,0.00688965019045847,3373,"tags=41%, list=20%, signal=33%","9844/26052/2335/7414/858/5293/3059/3688/1759/399694/857/4233/867/5290/3678/2549/1793/5295/1499/10109/79658/53358/1399/6464/1398/10097/387/29119"
"hsa04722","hsa04722","Neurotrophin signaling pathway",118,0.390971905233498,1.45303063086601,0.00795134505512636,0.0161981128218836,0.00688965019045847,3400,"tags=36%, list=20%, signal=29%","10019/5336/11213/4215/2889/814/5293/4915/1432/399694/4803/7189/5290/4790/6654/627/2549/5295/5781/818/815/9252/596/3656/4916/5906/5598/4214/6655/53358/57498/1399/6464/3667/1398/5594/4804/4914/10818/5335/25/387/4908"
"hsa05033","hsa05033","Nicotine addiction",39,0.487035300296143,1.54851129222903,0.0088780837860561,0.0179650636611959,0.00764119904806067,5768,"tags=54%, list=35%, signal=35%","57030/2561/1139/2891/89832/2903/2890/8973/2564/773/2893/55879/2570/2556/2568/1137/2892/2563/1141/2557/2569"
"hsa05223","hsa05223","Non-small cell lung cancer",72,0.421522622685228,1.4952513575808,0.00897650859220592,0.018058005588999,0.00768073065137964,3723,"tags=36%, list=22%, signal=28%","5336/6777/3082/5293/5579/5915/4233/5290/5578/3718/83593/6789/6654/1956/5295/6776/6774/3798/1647/6655/5594/5335/7039/51426/5925/6258"
"hsa04012","hsa04012","ErbB signaling pathway",83,0.424875719988882,1.52705602425916,0.00932064328804445,0.0186412865760889,0.00792882140170244,5469,"tags=53%, list=33%, signal=36%","5336/6777/5063/5293/5579/399694/867/5290/5578/6654/2549/1956/5295/6776/818/9542/815/3084/685/6655/53358/1399/6464/1398/5594/5335/25/7039/5058/27/2069/374/10000/4690/868/817/2066/5599/8440/1026/1839/3845/5595/5062"
"hsa00620","hsa00620","Pyruvate metabolism",45,-0.364112738067206,-1.6483587226663,0.0096037366487339,0.0190024589349161,0.00808244122384743,4001,"tags=47%, list=24%, signal=36%","3948/5106/2739/5313/38/97/31/197257/501/5091/4190/5160/98/5162/9380/39/3029/4191/2271/84532/10327"
"hsa04730","hsa04730","Long-term depression",56,0.45833924458214,1.56693483163111,0.00961170887987036,0.0190024589349161,0.00808244122384743,5530,"tags=54%, list=33%, signal=36%","5592/2977/5579/2775/5578/10672/5330/5321/2767/2771/4067/2891/3708/2781/6261/4842/2890/5594/5516/773/2911/2892/5593/2776/3479/1394/23236/3845/5595/2768"
"hsa00512","hsa00512","Mucin type O-glycan biosynthesis",29,0.507790697349851,1.54529726707654,0.00977657800411894,0.0192179590480967,0.00817410130870697,6070,"tags=62%, list=37%, signal=39%","256435/6483/51301/9334/6482/27090/11226/11227/10331/10610/2590/55568/114805/50614/56913/8693/79623/26290"
"hsa00240","hsa00240","Pyrimidine metabolism",52,-0.349220983205915,-1.64174334476381,0.00992896506508227,0.019373678076535,0.00824033431039893,3206,"tags=46%, list=19%, signal=37%","8623/79077/10201/56474/7083/7372/5169/1854/51020/51727/54963/318/7371/83549/1723/56953/654364/124583/4831/1841/4832/4833/4830/955"
"hsa04260","hsa04260","Cardiac muscle contraction",83,-0.302866459951806,-1.54189586169025,0.0099684331963567,0.019373678076535,0.00824033431039893,1261,"tags=24%, list=8%, signal=22%","1327/1345/7386/1537/10975/440567/9167/7381/1350/1347/7384/29796/27089/1351/1349/7388/1340/1337/1329/9377"
"hsa05218","hsa05218","Melanoma",72,0.418137755695815,1.48324434612099,0.0104321220041275,0.0201609548843812,0.00857519194898713,3525,"tags=32%, list=21%, signal=25%","5159/5156/4286/2247/5155/3082/5293/80310/2260/2255/4233/5290/2252/56034/1956/5295/8817/2246/1647/5594/2254/51426/5925"
"hsa04936","hsa04936","Alcoholic liver disease",131,0.379859208241339,1.42405503711119,0.0107082782350015,0.0205790375019024,0.00875301778691688,5375,"tags=44%, list=32%, signal=30%","719/126129/83439/1432/2308/714/7189/7099/32/728/23175/4790/718/929/713/1499/125/712/7187/23643/124/79966/6885/3553/5565/3569/23765/9020/219/23118/50507/7124/10891/51176/356/6932/51135/3592/6934/10000/3593/355/2919/4615/23411/9641/7132/4792/4217/5465/2920/5599/29110/3929/9663/2921/6434/53632"
"hsa04972","hsa04972","Pancreatic secretion",97,0.406942800553632,1.47715525580748,0.0108675853897432,0.020769163189287,0.00883388519984972,2439,"tags=21%, list=15%, signal=18%","109/683/113/7220/111/196883/115/482/493/5579/3778/5578/488/5330/1359/760/481/477/3708/5906"
"hsa01522","hsa01522","Endocrine resistance",94,0.397656677218993,1.44457060966197,0.0118069538258974,0.0224397354481144,0.00954444071997521,3533,"tags=33%, list=21%, signal=26%","109/4854/4313/4855/113/54567/111/196883/115/5293/1432/399694/5290/4851/2099/6654/1956/5295/596/8202/9611/6655/4853/53358/6464/2100/5594/3714/28514/5925/6667"
"hsa04911","hsa04911","Insulin secretion",85,0.413964111191527,1.48654282283229,0.0119333666077592,0.0225553742476329,0.00959362613347909,3017,"tags=29%, list=18%, signal=24%","109/3782/113/111/196883/115/482/5579/775/3778/5578/5330/2767/9586/117/818/6616/815/481/477/116/1386/3779/64764/2645"
"hsa03015","hsa03015","mRNA surveillance pathway",92,-0.271681254219064,-1.4209292594351,0.0127588298214033,0.0239838112489767,0.0102011926670984,3487,"tags=36%, list=21%, signal=28%","10978/10482/645974/9775/5519/23381/5976/5528/22916/29107/340529/26986/29894/8761/28227/4440/4116/8189/1479/23435/55110/5518/1477/26528/65110/10284/8106/10921/51692/10898/5499/29101/55844"
"hsa04071","hsa04071","Sphingolipid signaling pathway",116,0.383152736416873,1.42256356890925,0.0128918611660223,0.0241021752234329,0.0102515371972374,5724,"tags=51%, list=34%, signal=34%","2534/1901/9846/5293/1432/5579/9475/1903/4846/5290/5578/624/10672/5337/2206/5880/4790/5330/2207/2205/5295/5581/6093/5521/140/2771/596/134/5529/9294/8698/5594/5516/387/5527/7124/5523/130367/340485/55304/10000/9517/166929/5728/7132/4217/8877/2776/5599/53637/5170/23236/3845/5595/5526/2768/8503/5525/10558"
"hsa03250","hsa03250","Viral life cycle - HIV-1",59,0.435216019993145,1.50129080767,0.0164667087526417,0.0306191773562634,0.0130234567090594,2951,"tags=39%, list=18%, signal=32%","4131/25939/920/4130/29969/27350/7852/9638/11168/1234/60489/23299/10955/1387/140564/904/4599/27125/684/9972/4600/2033/23534"
"hsa00604","hsa00604","Glycosphingolipid biosynthesis - ganglio series",15,0.603877338038287,1.59355637334916,0.0190145792199816,0.0351667486649123,0.0149577052154921,1931,"tags=40%, list=12%, signal=35%","256435/6483/6482/27090/2583/6489"
"hsa00650","hsa00650","Butanoate metabolism",26,-0.404919067675288,-1.57510422861282,0.0192144513256324,0.035346370353035,0.0150341048931208,4119,"tags=46%, list=25%, signal=35%","341392/3033/38/18/3030/116285/6296/65985/39/3155/1892/622"
"hsa03018","hsa03018","RNA degradation",70,-0.302748936678933,-1.45724045914695,0.019725899581791,0.0360941992347666,0.0153521838850445,3042,"tags=33%, list=18%, signal=27%","131870/23404/4849/340529/26986/8761/2023/51010/28960/11340/57819/3329/80153/25904/51013/23016/5393/51690/56915/23658/25804/54512/27258"
"hsa05214","hsa05214","Glioma",75,0.410455649034673,1.45840621350993,0.0215940648853918,0.0393034831776444,0.0167172097971009,3525,"tags=35%, list=21%, signal=27%","5159/5336/5156/57118/814/5155/5293/5579/399694/57172/5290/5578/6654/1956/5295/818/815/1647/6655/53358/6464/5594/5335/7039/51426/5925"
"hsa03430","hsa03430","Mismatch repair",23,-0.434917149108817,-1.63533213701511,0.0235583694538899,0.0426530478533585,0.0181419022387296,1003,"tags=52%, list=6%, signal=49%","6118/3978/5983/5424/5111/5984/5982/6119/57804/5395/6742/5425"
"hsa00100","hsa00100","Steroid biosynthesis",18,-0.455726220535497,-1.61877643473451,0.0246466566815452,0.0443091174560189,0.0188462892484291,2903,"tags=56%, list=17%, signal=46%","1595/4047/1718/51478/120227/1594/50814/10682/1717/7108"
"hsa03030","hsa03030","DNA replication",36,-0.358059183544064,-1.54765867146805,0.0247306702080105,0.0443091174560189,0.0188462892484291,4798,"tags=56%, list=29%, signal=40%","6118/1763/3978/5983/54107/5426/5424/5111/5984/5982/5427/4176/56655/2237/10535/84153/6119/57804/6742/5425"
"hsa05169","hsa05169","Epstein-Barr virus infection",191,0.343849394563382,1.3211803949385,0.027355623100304,0.0487582090492464,0.0207386507278007,4636,"tags=37%, list=28%, signal=27%","5336/953/7431/3716/7097/5293/695/3113/1432/3111/3133/7128/7189/5290/3718/917/894/864/3122/4790/3683/958/5295/4734/6850/6774/3115/7188/3455/25942/7187/3117/596/919/4067/3123/8900/6885/1647/916/3119/3569/6772/3118/79685/3127/9020/4940/6502/3120/3112/317/23118/51426/5925/3383/7124/3108/6891/3134/51135/915/10000/355/4615/2208/6773/567/9641/960/10018"
"hsa05212","hsa05212","Pancreatic cancer",76,0.39878004810899,1.42011823103272,0.0280474649406688,0.0497336491731447,0.0211535411109765,3525,"tags=30%, list=21%, signal=24%","9459/7048/3716/7040/5293/4088/5290/5337/5880/4790/1956/5295/7046/6774/7042/675/7043/1647/6772/5594/7039/51426/5925"
"hsa00860","hsa00860","Porphyrin metabolism",42,-0.347729321682951,-1.53981409550623,0.0282948253716387,0.0499149739889422,0.0212306651911351,3750,"tags=36%, list=23%, signal=28%","2512/7365/2395/54490/645/7363/124454/1355/7389/5498/2990/7390/326625/3163/3145"
